Time (s),Rotation [X axis] (degrees/s),Rotation [Y axis] (degrees/s),Rotation [Z axis] (degrees/s),Acceleration [X axis] (m/s^2),Acceleration [Y axis] (m/s^2),Acceleration [Z axis] (m/s^2),Acceleration [X axis] (m/s^2),Acceleration [Y axis] (m/s^2),Acceleration [Z axis] (m/s^2),Magnetic Flux Density [X axis] (micro-Tesla),Magnetic Flux Density [Y axis] (micro-Tesla),Magnetic Flux Density [Z axis] (micro-Tesla),Temperature (Celcius),Temperature (Celcius),Temperature (Celcius),Temperature (Celcius),Temperature (Celcius),Temperature (Celcius),Temperature (Celcius),Temperature (Celcius),Temperature (Celcius),Temperature (Celcius),Temperature (Celcius),Temperature (Celcius),Temperature (Celcius),
1.901,1,2,3,0.001,0.002,0.003,7,8,9,0.007,0.005,0.003,0,20,21,22,23,24,25,26,27,28,29,30,31,
2.301,2,4,6,0.004,0.008,0.012,8,9,10,0.007,0.005,0.003,1,20,21,22,23,24,25,26,27,28,29,30,31,
2.701,2,4,6,0.004,0.008,0.012,8,9,10,0.007,0.005,0.003,2,20,21,22,23,24,25,26,27,28,29,30,31,
3.101,3,6,9,0.009,0.018,0.027,9,10,11,0.007,0.005,0.003,3,20,21,22,23,24,25,26,27,28,29,30,31,
3.501,3,6,9,0.009,0.018,0.027,9,10,11,0.007,0.005,0.003,4,20,21,22,23,24,25,26,27,28,29,30,31,
3.901,3,6,9,0.009,0.018,0.027,9,10,11,0.007,0.005,0.003,5,20,21,22,23,24,25,26,27,28,29,30,31,
4.301,4,8,12,0.016,0.032,0.048,10,11,12,0.007,0.005,0.003,6,20,21,22,23,24,25,26,27,28,29,30,31,
4.701,4,8,12,0.016,0.032,0.048,10,11,12,0.007,0.005,0.003,7,20,21,22,23,24,25,26,27,28,29,30,31,
5.101,5,10,15,0.025,0.05,0.075,11,12,13,0.007,0.005,0.003,8,20,21,22,23,24,25,26,27,28,29,30,31,
5.501,5,10,15,0.025,0.05,0.075,11,12,13,0.007,0.005,0.003,9,20,21,22,23,24,25,26,27,28,29,30,31,
5.901,5,10,15,0.025,0.05,0.075,11,12,13,0.007,0.005,0.003,10,20,21,22,23,24,25,26,27,28,29,30,31,
6.301,6,12,18,0.036,0.072,0.108,12,13,14,0.007,0.005,0.003,11,20,21,22,23,24,25,26,27,28,29,30,31,
6.701,6,12,18,0.036,0.072,0.108,12,13,14,0.007,0.005,0.003,12,20,21,22,23,24,25,26,27,28,29,30,31,
7.101,7,14,21,0.049,0.098,0.147,13,14,15,0.007,0.005,0.003,13,20,21,22,23,24,25,26,27,28,29,30,31,
7.501,7,14,21,0.049,0.098,0.147,13,14,15,0.007,0.005,0.003,14,20,21,22,23,24,25,26,27,28,29,30,31,
7.901,7,14,21,0.049,0.098,0.147,13,14,15,0.007,0.005,0.003,15,20,21,22,23,24,25,26,27,28,29,30,31,
8.301,8,16,24,0.064,0.128,0.192,14,15,16,0.007,0.005,0.003,16,20,21,22,23,24,25,26,27,28,29,30,31,
8.701,8,16,24,0.064,0.128,0.192,14,15,16,0.007,0.005,0.003,17,20,21,22,23,24,25,26,27,28,29,30,31,
9.101,9,18,27,0.081,0.162,0.243,15,16,17,0.007,0.005,0.003,18,20,21,22,23,24,25,26,27,28,29,30,31,
9.501,9,18,27,0.081,0.162,0.243,15,16,17,0.007,0.005,0.003,19,20,21,22,23,24,25,26,27,28,29,30,31,
9.901,9,18,27,0.081,0.162,0.243,15,16,17,0.007,0.005,0.003,20,20,21,22,23,24,25,26,27,28,29,30,31,
10.301,10,20,30,0.1,0.2,0.3,16,17,18,0.007,0.005,0.003,21,20,21,22,23,24,25,26,27,28,29,30,31,
10.701,10,20,30,0.1,0.2,0.3,16,17,18,0.007,0.005,0.003,22,20,21,22,23,24,25,26,27,28,29,30,31,
11.101,11,22,33,0.121,0.242,0.363,17,18,19,0.007,0.005,0.003,23,20,21,22,23,24,25,26,27,28,29,30,31,
11.501,11,22,33,0.121,0.242,0.363,17,18,19,0.007,0.005,0.003,24,20,21,22,23,24,25,26,27,28,29,30,31,
11.901,11,22,33,0.121,0.242,0.363,17,18,19,0.007,0.005,0.003,25,20,21,22,23,24,25,26,27,28,29,30,31,
12.301,12,24,36,0.144,0.288,0.432,18,19,20,0.007,0.005,0.003,26,20,21,22,23,24,25,26,27,28,29,30,31,
12.701,12,24,36,0.144,0.288,0.432,18,19,20,0.007,0.005,0.003,27,20,21,22,23,24,25,26,27,28,29,30,31,
13.101,13,26,39,0.169,0.338,0.507,19,20,21,0.007,0.005,0.003,28,20,21,22,23,24,25,26,27,28,29,30,31,
13.501,13,26,39,0.169,0.338,0.507,19,20,21,0.007,0.005,0.003,29,20,21,22,23,24,25,26,27,28,29,30,31,
13.901,13,26,39,0.169,0.338,0.507,19,20,21,0.007,0.005,0.003,30,20,21,22,23,24,25,26,27,28,29,30,31,
14.301,14,28,42,0.196,0.392,0.588,20,21,22,0.007,0.005,0.003,31,20,21,22,23,24,25,26,27,28,29,30,31,
14.701,14,28,42,0.196,0.392,0.588,20,21,22,0.007,0.005,0.003,32,20,21,22,23,24,25,26,27,28,29,30,31,
15.101,15,30,45,0.225,0.45,0.675,21,22,23,0.007,0.005,0.003,33,20,21,22,23,24,25,26,27,28,29,30,31,
15.501,15,30,45,0.225,0.45,0.675,21,22,23,0.007,0.005,0.003,34,20,21,22,23,24,25,26,27,28,29,30,31,
15.901,15,30,45,0.225,0.45,0.675,21,22,23,0.007,0.005,0.003,35,20,21,22,23,24,25,26,27,28,29,30,31,
16.301,16,32,48,0.256,0.512,0.768,22,23,24,0.007,0.005,0.003,36,20,21,22,23,24,25,26,27,28,29,30,31,
16.701,16,32,48,0.256,0.512,0.768,22,23,24,0.007,0.005,0.003,37,20,21,22,23,24,25,26,27,28,29,30,31,
17.101,17,34,51,0.289,0.578,0.867,23,24,25,0.007,0.005,0.003,38,20,21,22,23,24,25,26,27,28,29,30,31,
17.501,17,34,51,0.289,0.578,0.867,23,24,25,0.007,0.005,0.003,39,20,21,22,23,24,25,26,27,28,29,30,31,
17.901,17,34,51,0.289,0.578,0.867,23,24,25,0.007,0.005,0.003,40,20,21,22,23,24,25,26,27,28,29,30,31,
18.301,18,36,54,0.324,0.648,0.972,24,25,26,0.007,0.005,0.003,41,20,21,22,23,24,25,26,27,28,29,30,31,
18.701,18,36,54,0.324,0.648,0.972,24,25,26,0.007,0.005,0.003,42,20,21,22,23,24,25,26,27,28,29,30,31,
19.101,19,38,57,0.361,0.722,1.083,25,26,27,0.007,0.005,0.003,43,20,21,22,23,24,25,26,27,28,29,30,31,
19.501,19,38,57,0.361,0.722,1.083,25,26,27,0.007,0.005,0.003,44,20,21,22,23,24,25,26,27,28,29,30,31,
19.901,19,38,57,0.361,0.722,1.083,25,26,27,0.007,0.005,0.003,45,20,21,22,23,24,25,26,27,28,29,30,31,
20.301,20,40,60,0.4,0.8,1.2,26,27,28,0.007,0.005,0.003,46,20,21,22,23,24,25,26,27,28,29,30,31,
20.701,20,40,60,0.4,0.8,1.2,26,27,28,0.007,0.005,0.003,47,20,21,22,23,24,25,26,27,28,29,30,31,
21.101,21,42,63,0.441,0.882,1.323,27,28,29,0.007,0.005,0.003,48,20,21,22,23,24,25,26,27,28,29,30,31,
21.501,21,42,63,0.441,0.882,1.323,27,28,29,0.007,0.005,0.003,49,20,21,22,23,24,25,26,27,28,29,30,31,
21.901,21,42,63,0.441,0.882,1.323,27,28,29,0.007,0.005,0.003,50,20,21,22,23,24,25,26,27,28,29,30,31,
22.301,22,44,66,0.484,0.968,1.452,28,29,30,0.007,0.005,0.003,51,20,21,22,23,24,25,26,27,28,29,30,31,
22.701,22,44,66,0.484,0.968,1.452,28,29,30,0.007,0.005,0.003,52,20,21,22,23,24,25,26,27,28,29,30,31,
23.101,23,46,69,0.529,1.058,1.587,29,30,31,0.007,0.005,0.003,53,20,21,22,23,24,25,26,27,28,29,30,31,
23.501,23,46,69,0.529,1.058,1.587,29,30,31,0.007,0.005,0.003,54,20,21,22,23,24,25,26,27,28,29,30,31,
23.901,23,46,69,0.529,1.058,1.587,29,30,31,0.007,0.005,0.003,55,20,21,22,23,24,25,26,27,28,29,30,31,
24.301,24,48,72,0.576,1.152,1.728,30,31,32,0.007,0.005,0.003,56,20,21,22,23,24,25,26,27,28,29,30,31,
24.701,24,48,72,0.576,1.152,1.728,30,31,32,0.007,0.005,0.003,57,20,21,22,23,24,25,26,27,28,29,30,31,
25.101,25,50,75,0.625,1.25,1.875,31,32,33,0.007,0.005,0.003,58,20,21,22,23,24,25,26,27,28,29,30,31,
25.501,25,50,75,0.625,1.25,1.875,31,32,33,0.007,0.005,0.003,59,20,21,22,23,24,25,26,27,28,29,30,31,
25.901,25,50,75,0.625,1.25,1.875,31,32,33,0.007,0.005,0.003,60,20,21,22,23,24,25,26,27,28,29,30,31,
26.301,26,52,78,0.676,1.352,2.028,32,33,34,0.007,0.005,0.003,61,20,21,22,23,24,25,26,27,28,29,30,31,
27.701,27,54,81,0.729,1.458,2.187,33,34,35,0.007,0.005,0.003,62,20,21,22,23,24,25,26,27,28,29,30,31,
28.101,28,56,84,0.784,1.568,2.352,34,35,36,0.007,0.005,0.003,63,20,21,22,23,24,25,26,27,28,29,30,31,
28.501,28,56,84,0.784,1.568,2.352,34,35,36,0.007,0.005,0.003,64,20,21,22,23,24,25,26,27,28,29,30,31,
28.901,28,56,84,0.784,1.568,2.352,34,35,36,0.007,0.005,0.003,65,20,21,22,23,24,25,26,27,28,29,30,31,
29.301,29,58,87,0.841,1.682,2.523,35,36,37,0.007,0.005,0.003,66,20,21,22,23,24,25,26,27,28,29,30,31,
29.701,29,58,87,0.841,1.682,2.523,35,36,37,0.007,0.005,0.003,67,20,21,22,23,24,25,26,27,28,29,30,31,
30.101,30,60,90,0.9,1.8,2.7,36,37,38,0.007,0.005,0.003,68,20,21,22,23,24,25,26,27,28,29,30,31,
30.501,30,60,90,0.9,1.8,2.7,36,37,38,0.007,0.005,0.003,69,20,21,22,23,24,25,26,27,28,29,30,31,
30.901,30,60,90,0.9,1.8,2.7,36,37,38,0.007,0.005,0.003,70,20,21,22,23,24,25,26,27,28,29,30,31,
31.301,31,62,93,0.961,1.922,2.883,37,38,39,0.007,0.005,0.003,71,20,21,22,23,24,25,26,27,28,29,30,31,
31.701,31,62,93,0.961,1.922,2.883,37,38,39,0.007,0.005,0.003,72,20,21,22,23,24,25,26,27,28,29,30,31,
32.101,32,64,96,1.024,2.048,3.072,38,39,40,0.007,0.005,0.003,73,20,21,22,23,24,25,26,27,28,29,30,31,
32.501,32,64,96,1.024,2.048,3.072,38,39,40,0.007,0.005,0.003,74,20,21,22,23,24,25,26,27,28,29,30,31,
32.901,32,64,96,1.024,2.048,3.072,38,39,40,0.007,0.005,0.003,75,20,21,22,23,24,25,26,27,28,29,30,31,
33.301,33,66,99,1.089,2.178,3.267,39,40,41,0.007,0.005,0.003,76,20,21,22,23,24,25,26,27,28,29,30,31,
33.701,33,66,99,1.089,2.178,3.267,39,40,41,0.007,0.005,0.003,77,20,21,22,23,24,25,26,27,28,29,30,31,
34.101,34,68,102,1.156,2.312,3.468,40,41,42,0.007,0.005,0.003,78,20,21,22,23,24,25,26,27,28,29,30,31,
34.501,34,68,102,1.156,2.312,3.468,40,41,42,0.007,0.005,0.003,79,20,21,22,23,24,25,26,27,28,29,30,31,
34.901,34,68,102,1.156,2.312,3.468,40,41,42,0.007,0.005,0.003,80,20,21,22,23,24,25,26,27,28,29,30,31,
35.301,35,70,105,1.225,2.45,3.675,41,42,43,0.007,0.005,0.003,81,20,21,22,23,24,25,26,27,28,29,30,31,
35.701,35,70,105,1.225,2.45,3.675,41,42,43,0.007,0.005,0.003,82,20,21,22,23,24,25,26,27,28,29,30,31,
36.101,36,72,108,1.296,2.592,3.888,42,43,44,0.007,0.005,0.003,83,20,21,22,23,24,25,26,27,28,29,30,31,
36.501,36,72,108,1.296,2.592,3.888,42,43,44,0.007,0.005,0.003,84,20,21,22,23,24,25,26,27,28,29,30,31,
36.901,36,72,108,1.296,2.592,3.888,42,43,44,0.007,0.005,0.003,85,20,21,22,23,24,25,26,27,28,29,30,31,
37.301,37,74,111,1.369,2.738,4.107,43,44,45,0.007,0.005,0.003,86,20,21,22,23,24,25,26,27,28,29,30,31,
37.701,37,74,111,1.369,2.738,4.107,43,44,45,0.007,0.005,0.003,87,20,21,22,23,24,25,26,27,28,29,30,31,
38.101,38,76,114,1.444,2.888,4.332,44,45,46,0.007,0.005,0.003,88,20,21,22,23,24,25,26,27,28,29,30,31,
38.501,38,76,114,1.444,2.888,4.332,44,45,46,0.007,0.005,0.003,89,20,21,22,23,24,25,26,27,28,29,30,31,
38.901,38,76,114,1.444,2.888,4.332,44,45,46,0.007,0.005,0.003,90,20,21,22,23,24,25,26,27,28,29,30,31,
39.301,39,78,117,1.521,3.042,4.563,45,46,47,0.007,0.005,0.003,91,20,21,22,23,24,25,26,27,28,29,30,31,
39.701,39,78,117,1.521,3.042,4.563,45,46,47,0.007,0.005,0.003,92,20,21,22,23,24,25,26,27,28,29,30,31,
40.101,40,80,120,1.6,3.2,4.8,46,47,48,0.007,0.005,0.003,93,20,21,22,23,24,25,26,27,28,29,30,31,
40.501,40,80,120,1.6,3.2,4.8,46,47,48,0.007,0.005,0.003,94,20,21,22,23,24,25,26,27,28,29,30,31,
40.901,40,80,120,1.6,3.2,4.8,46,47,48,0.007,0.005,0.003,95,20,21,22,23,24,25,26,27,28,29,30,31,
41.301,41,82,123,1.681,3.362,5.043,47,48,49,0.007,0.005,0.003,96,20,21,22,23,24,25,26,27,28,29,30,31,
41.701,41,82,123,1.681,3.362,5.043,47,48,49,0.007,0.005,0.003,97,20,21,22,23,24,25,26,27,28,29,30,31,
42.101,42,84,126,1.764,3.528,5.292,48,49,50,0.007,0.005,0.003,98,20,21,22,23,24,25,26,27,28,29,30,31,
42.501,42,84,126,1.764,3.528,5.292,48,49,50,0.007,0.005,0.003,99,20,21,22,23,24,25,26,27,28,29,30,31,
42.901,42,84,126,1.764,3.528,5.292,48,49,50,0.007,0.005,0.003,100,20,21,22,23,24,25,26,27,28,29,30,31,
43.301,43,86,129,1.849,3.698,5.547,49,50,51,0.007,0.005,0.003,101,20,21,22,23,24,25,26,27,28,29,30,31,
43.701,43,86,129,1.849,3.698,5.547,49,50,51,0.007,0.005,0.003,102,20,21,22,23,24,25,26,27,28,29,30,31,
44.101,44,88,132,1.936,3.872,5.808,50,51,52,0.007,0.005,0.003,103,20,21,22,23,24,25,26,27,28,29,30,31,
44.501,44,88,132,1.936,3.872,5.808,50,51,52,0.007,0.005,0.003,104,20,21,22,23,24,25,26,27,28,29,30,31,
44.901,44,88,132,1.936,3.872,5.808,50,51,52,0.007,0.005,0.003,105,20,21,22,23,24,25,26,27,28,29,30,31,
45.301,45,90,135,2.025,4.05,6.075,51,52,53,0.007,0.005,0.003,106,20,21,22,23,24,25,26,27,28,29,30,31,
45.701,45,90,135,2.025,4.05,6.075,51,52,53,0.007,0.005,0.003,107,20,21,22,23,24,25,26,27,28,29,30,31,
46.101,46,92,138,2.116,4.232,6.348,52,53,54,0.007,0.005,0.003,108,20,21,22,23,24,25,26,27,28,29,30,31,
46.501,46,92,138,2.116,4.232,6.348,52,53,54,0.007,0.005,0.003,109,20,21,22,23,24,25,26,27,28,29,30,31,
46.901,46,92,138,2.116,4.232,6.348,52,53,54,0.007,0.005,0.003,110,20,21,22,23,24,25,26,27,28,29,30,31,
47.301,47,94,141,2.209,4.418,6.627,53,54,55,0.007,0.005,0.003,111,20,21,22,23,24,25,26,27,28,29,30,31,
47.701,47,94,141,2.209,4.418,6.627,53,54,55,0.007,0.005,0.003,112,20,21,22,23,24,25,26,27,28,29,30,31,
48.101,48,96,144,2.304,4.608,6.912,54,55,56,0.007,0.005,0.003,113,20,21,22,23,24,25,26,27,28,29,30,31,
48.501,48,96,144,2.304,4.608,6.912,54,55,56,0.007,0.005,0.003,114,20,21,22,23,24,25,26,27,28,29,30,31,
48.901,48,96,144,2.304,4.608,6.912,54,55,56,0.007,0.005,0.003,115,20,21,22,23,24,25,26,27,28,29,30,31,
49.301,49,98,147,2.401,4.802,7.203,55,56,57,0.007,0.005,0.003,116,20,21,22,23,24,25,26,27,28,29,30,31,
49.701,49,98,147,2.401,4.802,7.203,55,56,57,0.007,0.005,0.003,117,20,21,22,23,24,25,26,27,28,29,30,31,
50.101,50,100,150,2.5,5,7.5,56,57,58,0.007,0.005,0.003,118,20,21,22,23,24,25,26,27,28,29,30,31,
50.501,50,100,150,2.5,5,7.5,56,57,58,0.007,0.005,0.003,119,20,21,22,23,24,25,26,27,28,29,30,31,
50.901,50,100,150,2.5,5,7.5,56,57,58,0.007,0.005,0.003,120,20,21,22,23,24,25,26,27,28,29,30,31,
51.301,51,102,153,2.601,5.202,7.803,57,58,59,0.007,0.005,0.003,121,20,21,22,23,24,25,26,27,28,29,30,31,
51.701,51,102,153,2.601,5.202,7.803,57,58,59,0.007,0.005,0.003,122,20,21,22,23,24,25,26,27,28,29,30,31,
52.101,52,104,156,2.704,5.408,8.112,58,59,60,0.007,0.005,0.003,123,20,21,22,23,24,25,26,27,28,29,30,31,
52.501,52,104,156,2.704,5.408,8.112,58,59,60,0.007,0.005,0.003,124,20,21,22,23,24,25,26,27,28,29,30,31,
52.901,52,104,156,2.704,5.408,8.112,58,59,60,0.007,0.005,0.003,125,20,21,22,23,24,25,26,27,28,29,30,31,
53.301,53,106,159,2.809,5.618,8.427,59,60,61,0.007,0.005,0.003,126,20,21,22,23,24,25,26,27,28,29,30,31,
53.701,53,106,159,2.809,5.618,8.427,59,60,61,0.007,0.005,0.003,127,20,21,22,23,24,25,26,27,28,29,30,31,
54.101,54,108,162,2.916,5.832,8.748,60,61,62,0.007,0.005,0.003,128,20,21,22,23,24,25,26,27,28,29,30,31,
54.501,54,108,162,2.916,5.832,8.748,60,61,62,0.007,0.005,0.003,129,20,21,22,23,24,25,26,27,28,29,30,31,
54.901,54,108,162,2.916,5.832,8.748,60,61,62,0.007,0.005,0.003,130,20,21,22,23,24,25,26,27,28,29,30,31,
55.301,55,110,165,3.025,6.05,9.075,61,62,63,0.007,0.005,0.003,131,20,21,22,23,24,25,26,27,28,29,30,31,
55.701,55,110,165,3.025,6.05,9.075,61,62,63,0.007,0.005,0.003,132,20,21,22,23,24,25,26,27,28,29,30,31,
56.101,56,112,168,3.136,6.272,9.408,62,63,64,0.007,0.005,0.003,133,20,21,22,23,24,25,26,27,28,29,30,31,
56.501,56,112,168,3.136,6.272,9.408,62,63,64,0.007,0.005,0.003,134,20,21,22,23,24,25,26,27,28,29,30,31,
56.901,56,112,168,3.136,6.272,9.408,62,63,64,0.007,0.005,0.003,135,20,21,22,23,24,25,26,27,28,29,30,31,
57.301,57,114,171,3.249,6.498,9.747,63,64,65,0.007,0.005,0.003,136,20,21,22,23,24,25,26,27,28,29,30,31,
57.701,57,114,171,3.249,6.498,9.747,63,64,65,0.007,0.005,0.003,137,20,21,22,23,24,25,26,27,28,29,30,31,
58.101,58,116,174,3.364,6.728,10.092,64,65,66,0.007,0.005,0.003,138,20,21,22,23,24,25,26,27,28,29,30,31,
58.501,58,116,174,3.364,6.728,10.092,64,65,66,0.007,0.005,0.003,139,20,21,22,23,24,25,26,27,28,29,30,31,
58.901,58,116,174,3.364,6.728,10.092,64,65,66,0.007,0.005,0.003,140,20,21,22,23,24,25,26,27,28,29,30,31,
59.301,59,118,177,3.481,6.962,10.443,65,66,67,0.007,0.005,0.003,141,20,21,22,23,24,25,26,27,28,29,30,31,
59.701,59,118,177,3.481,6.962,10.443,65,66,67,0.007,0.005,0.003,142,20,21,22,23,24,25,26,27,28,29,30,31,
60.101,60,120,180,3.6,7.2,10.8,66,67,68,0.007,0.005,0.003,143,20,21,22,23,24,25,26,27,28,29,30,31,
60.501,60,120,180,3.6,7.2,10.8,66,67,68,0.007,0.005,0.003,144,20,21,22,23,24,25,26,27,28,29,30,31,
60.901,60,120,180,3.6,7.2,10.8,66,67,68,0.007,0.005,0.003,145,20,21,22,23,24,25,26,27,28,29,30,31,
61.301,61,122,183,3.721,7.442,11.163,67,68,69,0.007,0.005,0.003,146,20,21,22,23,24,25,26,27,28,29,30,31,
61.701,61,122,183,3.721,7.442,11.163,67,68,69,0.007,0.005,0.003,147,20,21,22,23,24,25,26,27,28,29,30,31,
62.101,62,124,186,3.844,7.688,11.532,68,69,70,0.007,0.005,0.003,148,20,21,22,23,24,25,26,27,28,29,30,31,
63.476,63,126,189,3.969,7.938,11.907,69,70,71,0.007,0.005,0.003,149,20,21,22,23,24,25,26,27,28,29,30,31,
63.876,63,126,189,3.969,7.938,11.907,69,70,71,0.007,0.005,0.003,150,20,21,22,23,24,25,26,27,28,29,30,31,
64.276,64,128,192,4.096,8.192,12.288,70,71,72,0.007,0.005,0.003,151,20,21,22,23,24,25,26,27,28,29,30,31,
64.676,64,128,192,4.096,8.192,12.288,70,71,72,0.007,0.005,0.003,152,20,21,22,23,24,25,26,27,28,29,30,31,
65.076,65,130,195,4.225,8.45,12.675,71,72,73,0.007,0.005,0.003,153,20,21,22,23,24,25,26,27,28,29,30,31,
65.476,65,130,195,4.225,8.45,12.675,71,72,73,0.007,0.005,0.003,154,20,21,22,23,24,25,26,27,28,29,30,31,
65.876,65,130,195,4.225,8.45,12.675,71,72,73,0.007,0.005,0.003,155,20,21,22,23,24,25,26,27,28,29,30,31,
66.276,66,132,198,4.356,8.712,13.068,72,73,74,0.007,0.005,0.003,156,20,21,22,23,24,25,26,27,28,29,30,31,
66.676,66,132,198,4.356,8.712,13.068,72,73,74,0.007,0.005,0.003,157,20,21,22,23,24,25,26,27,28,29,30,31,
67.076,67,134,201,4.489,8.978,13.467,73,74,75,0.007,0.005,0.003,158,20,21,22,23,24,25,26,27,28,29,30,31,
67.476,67,134,201,4.489,8.978,13.467,73,74,75,0.007,0.005,0.003,159,20,21,22,23,24,25,26,27,28,29,30,31,
67.876,67,134,201,4.489,8.978,13.467,73,74,75,0.007,0.005,0.003,160,20,21,22,23,24,25,26,27,28,29,30,31,
68.276,68,136,204,4.624,9.248,13.872,74,75,76,0.007,0.005,0.003,161,20,21,22,23,24,25,26,27,28,29,30,31,
68.676,68,136,204,4.624,9.248,13.872,74,75,76,0.007,0.005,0.003,162,20,21,22,23,24,25,26,27,28,29,30,31,
69.076,69,138,207,4.761,9.522,14.283,75,76,77,0.007,0.005,0.003,163,20,21,22,23,24,25,26,27,28,29,30,31,
69.476,69,138,207,4.761,9.522,14.283,75,76,77,0.007,0.005,0.003,164,20,21,22,23,24,25,26,27,28,29,30,31,
69.876,69,138,207,4.761,9.522,14.283,75,76,77,0.007,0.005,0.003,165,20,21,22,23,24,25,26,27,28,29,30,31,
70.276,70,140,210,4.9,9.8,14.7,76,77,78,0.007,0.005,0.003,166,20,21,22,23,24,25,26,27,28,29,30,31,
70.676,70,140,210,4.9,9.8,14.7,76,77,78,0.007,0.005,0.003,167,20,21,22,23,24,25,26,27,28,29,30,31,
71.076,71,142,213,5.041,10.082,15.123,77,78,79,0.007,0.005,0.003,168,20,21,22,23,24,25,26,27,28,29,30,31,
71.476,71,142,213,5.041,10.082,15.123,77,78,79,0.007,0.005,0.003,169,20,21,22,23,24,25,26,27,28,29,30,31,
71.876,71,142,213,5.041,10.082,15.123,77,78,79,0.007,0.005,0.003,170,20,21,22,23,24,25,26,27,28,29,30,31,
72.276,72,144,216,5.184,10.368,15.552,78,79,80,0.007,0.005,0.003,171,20,21,22,23,24,25,26,27,28,29,30,31,
72.676,72,144,216,5.184,10.368,15.552,78,79,80,0.007,0.005,0.003,172,20,21,22,23,24,25,26,27,28,29,30,31,
73.076,73,146,219,5.329,10.658,15.987,79,80,81,0.007,0.005,0.003,173,20,21,22,23,24,25,26,27,28,29,30,31,
73.476,73,146,219,5.329,10.658,15.987,79,80,81,0.007,0.005,0.003,174,20,21,22,23,24,25,26,27,28,29,30,31,
73.876,73,146,219,5.329,10.658,15.987,79,80,81,0.007,0.005,0.003,175,20,21,22,23,24,25,26,27,28,29,30,31,
74.276,74,148,222,5.476,10.952,16.428,80,81,82,0.007,0.005,0.003,176,20,21,22,23,24,25,26,27,28,29,30,31,
74.676,74,148,222,5.476,10.952,16.428,80,81,82,0.007,0.005,0.003,177,20,21,22,23,24,25,26,27,28,29,30,31,
75.076,75,150,225,5.625,11.25,16.875,81,82,83,0.007,0.005,0.003,178,20,21,22,23,24,25,26,27,28,29,30,31,
75.476,75,150,225,5.625,11.25,16.875,81,82,83,0.007,0.005,0.003,179,20,21,22,23,24,25,26,27,28,29,30,31,
75.876,75,150,225,5.625,11.25,16.875,81,82,83,0.007,0.005,0.003,180,20,21,22,23,24,25,26,27,28,29,30,31,
76.276,76,152,228,5.776,11.552,17.328,82,83,84,0.007,0.005,0.003,181,20,21,22,23,24,25,26,27,28,29,30,31,
76.676,76,152,228,5.776,11.552,17.328,82,83,84,0.007,0.005,0.003,182,20,21,22,23,24,25,26,27,28,29,30,31,
77.076,77,154,231,5.929,11.858,17.787,83,84,85,0.007,0.005,0.003,183,20,21,22,23,24,25,26,27,28,29,30,31,
77.476,77,154,231,5.929,11.858,17.787,83,84,85,0.007,0.005,0.003,184,20,21,22,23,24,25,26,27,28,29,30,31,
77.876,77,154,231,5.929,11.858,17.787,83,84,85,0.007,0.005,0.003,185,20,21,22,23,24,25,26,27,28,29,30,31,
78.276,78,156,234,6.084,12.168,18.252,84,85,86,0.007,0.005,0.003,186,20,21,22,23,24,25,26,27,28,29,30,31,
78.676,78,156,234,6.084,12.168,18.252,84,85,86,0.007,0.005,0.003,187,20,21,22,23,24,25,26,27,28,29,30,31,
79.076,79,158,237,6.241,12.482,18.723,85,86,87,0.007,0.005,0.003,188,20,21,22,23,24,25,26,27,28,29,30,31,
79.476,79,158,237,6.241,12.482,18.723,85,86,87,0.007,0.005,0.003,189,20,21,22,23,24,25,26,27,28,29,30,31,
79.876,79,158,237,6.241,12.482,18.723,85,86,87,0.007,0.005,0.003,190,20,21,22,23,24,25,26,27,28,29,30,31,
80.276,80,160,240,6.4,12.8,19.2,86,87,88,0.007,0.005,0.003,191,20,21,22,23,24,25,26,27,28,29,30,31,
80.676,80,160,240,6.4,12.8,19.2,86,87,88,0.007,0.005,0.003,192,20,21,22,23,24,25,26,27,28,29,30,31,
81.076,81,162,243,6.561,13.122,19.683,87,88,89,0.007,0.005,0.003,193,20,21,22,23,24,25,26,27,28,29,30,31,
81.476,81,162,243,6.561,13.122,19.683,87,88,89,0.007,0.005,0.003,194,20,21,22,23,24,25,26,27,28,29,30,31,
81.876,81,162,243,6.561,13.122,19.683,87,88,89,0.007,0.005,0.003,195,20,21,22,23,24,25,26,27,28,29,30,31,
82.276,82,164,246,6.724,13.448,20.172,88,89,90,0.007,0.005,0.003,196,20,21,22,23,24,25,26,27,28,29,30,31,
82.676,82,164,246,6.724,13.448,20.172,88,89,90,0.007,0.005,0.003,197,20,21,22,23,24,25,26,27,28,29,30,31,
83.076,83,166,249,6.889,13.778,20.667,89,90,91,0.007,0.005,0.003,198,20,21,22,23,24,25,26,27,28,29,30,31,
83.476,83,166,249,6.889,13.778,20.667,89,90,91,0.007,0.005,0.003,199,20,21,22,23,24,25,26,27,28,29,30,31,
83.876,83,166,249,6.889,13.778,20.667,89,90,91,0.007,0.005,0.003,200,20,21,22,23,24,25,26,27,28,29,30,31,
84.276,84,168,252,7.056,14.112,21.168,90,91,92,0.007,0.005,0.003,201,20,21,22,23,24,25,26,27,28,29,30,31,
84.676,84,168,252,7.056,14.112,21.168,90,91,92,0.007,0.005,0.003,202,20,21,22,23,24,25,26,27,28,29,30,31,
85.076,85,170,255,7.225,14.45,21.675,91,92,93,0.007,0.005,0.003,203,20,21,22,23,24,25,26,27,28,29,30,31,
85.476,85,170,255,7.225,14.45,21.675,91,92,93,0.007,0.005,0.003,204,20,21,22,23,24,25,26,27,28,29,30,31,
85.876,85,170,255,7.225,14.45,21.675,91,92,93,0.007,0.005,0.003,205,20,21,22,23,24,25,26,27,28,29,30,31,
86.276,86,172,258,7.396,14.792,22.188,92,93,94,0.007,0.005,0.003,206,20,21,22,23,24,25,26,27,28,29,30,31,
86.676,86,172,258,7.396,14.792,22.188,92,93,94,0.007,0.005,0.003,207,20,21,22,23,24,25,26,27,28,29,30,31,
87.076,87,174,261,7.569,15.138,22.707,93,94,95,0.007,0.005,0.003,208,20,21,22,23,24,25,26,27,28,29,30,31,
87.476,87,174,261,7.569,15.138,22.707,93,94,95,0.007,0.005,0.003,209,20,21,22,23,24,25,26,27,28,29,30,31,
87.876,87,174,261,7.569,15.138,22.707,93,94,95,0.007,0.005,0.003,210,20,21,22,23,24,25,26,27,28,29,30,31,
88.276,88,176,264,7.744,15.488,23.232,94,95,96,0.007,0.005,0.003,211,20,21,22,23,24,25,26,27,28,29,30,31,
88.676,88,176,264,7.744,15.488,23.232,94,95,96,0.007,0.005,0.003,212,20,21,22,23,24,25,26,27,28,29,30,31,
89.076,89,178,267,7.921,15.842,23.763,95,96,97,0.007,0.005,0.003,213,20,21,22,23,24,25,26,27,28,29,30,31,
89.476,89,178,267,7.921,15.842,23.763,95,96,97,0.007,0.005,0.003,214,20,21,22,23,24,25,26,27,28,29,30,31,
89.876,89,178,267,7.921,15.842,23.763,95,96,97,0.007,0.005,0.003,215,20,21,22,23,24,25,26,27,28,29,30,31,
90.276,90,180,270,8.1,16.2,24.3,96,97,98,0.007,0.005,0.003,216,20,21,22,23,24,25,26,27,28,29,30,31,
90.676,90,180,270,8.1,16.2,24.3,96,97,98,0.007,0.005,0.003,217,20,21,22,23,24,25,26,27,28,29,30,31,
91.076,91,182,273,8.281,16.562,24.843,97,98,99,0.007,0.005,0.003,218,20,21,22,23,24,25,26,27,28,29,30,31,
91.476,91,182,273,8.281,16.562,24.843,97,98,99,0.007,0.005,0.003,219,20,21,22,23,24,25,26,27,28,29,30,31,
91.876,91,182,273,8.281,16.562,24.843,97,98,99,0.007,0.005,0.003,220,20,21,22,23,24,25,26,27,28,29,30,31,
92.276,92,184,276,8.464,16.928,25.392,98,99,100,0.007,0.005,0.003,221,20,21,22,23,24,25,26,27,28,29,30,31,
92.676,92,184,276,8.464,16.928,25.392,98,99,100,0.007,0.005,0.003,222,20,21,22,23,24,25,26,27,28,29,30,31,
93.076,93,186,279,8.649,17.298,25.947,99,100,101,0.007,0.005,0.003,223,20,21,22,23,24,25,26,27,28,29,30,31,
93.476,93,186,279,8.649,17.298,25.947,99,100,101,0.007,0.005,0.003,224,20,21,22,23,24,25,26,27,28,29,30,31,
93.876,93,186,279,8.649,17.298,25.947,99,100,101,0.007,0.005,0.003,225,20,21,22,23,24,25,26,27,28,29,30,31,
95.276,95,190,285,9.025,18.05,27.075,101,102,103,0.007,0.005,0.003,226,20,21,22,23,24,25,26,27,28,29,30,31,
95.676,95,190,285,9.025,18.05,27.075,101,102,103,0.007,0.005,0.003,227,20,21,22,23,24,25,26,27,28,29,30,31,
96.076,96,192,288,9.216,18.432,27.648,102,103,104,0.007,0.005,0.003,228,20,21,22,23,24,25,26,27,28,29,30,31,
96.476,96,192,288,9.216,18.432,27.648,102,103,104,0.007,0.005,0.003,229,20,21,22,23,24,25,26,27,28,29,30,31,
96.876,96,192,288,9.216,18.432,27.648,102,103,104,0.007,0.005,0.003,230,20,21,22,23,24,25,26,27,28,29,30,31,
97.276,97,194,291,9.409,18.818,28.227,103,104,105,0.007,0.005,0.003,231,20,21,22,23,24,25,26,27,28,29,30,31,
97.676,97,194,291,9.409,18.818,28.227,103,104,105,0.007,0.005,0.003,232,20,21,22,23,24,25,26,27,28,29,30,31,
98.076,98,196,294,9.604,19.208,28.812,104,105,106,0.007,0.005,0.003,233,20,21,22,23,24,25,26,27,28,29,30,31,
98.476,98,196,294,9.604,19.208,28.812,104,105,106,0.007,0.005,0.003,234,20,21,22,23,24,25,26,27,28,29,30,31,
98.876,98,196,294,9.604,19.208,28.812,104,105,106,0.007,0.005,0.003,235,20,21,22,23,24,25,26,27,28,29,30,31,
99.276,99,198,297,9.801,19.602,29.403,105,106,107,0.007,0.005,0.003,236,20,21,22,23,24,25,26,27,28,29,30,31,
99.676,99,198,297,9.801,19.602,29.403,105,106,107,0.007,0.005,0.003,237,20,21,22,23,24,25,26,27,28,29,30,31,
100.076,100,200,300,10,20,30,106,107,108,0.007,0.005,0.003,238,20,21,22,23,24,25,26,27,28,29,30,31,
100.476,100,200,300,10,20,30,106,107,108,0.007,0.005,0.003,239,20,21,22,23,24,25,26,27,28,29,30,31,
100.876,100,200,300,10,20,30,106,107,108,0.007,0.005,0.003,240,20,21,22,23,24,25,26,27,28,29,30,31,
101.276,101,202,303,10.201,20.402,30.603,107,108,109,0.007,0.005,0.003,241,20,21,22,23,24,25,26,27,28,29,30,31,
101.676,101,202,303,10.201,20.402,30.603,107,108,109,0.007,0.005,0.003,242,20,21,22,23,24,25,26,27,28,29,30,31,
102.076,102,204,306,10.404,20.808,31.212,108,109,110,0.007,0.005,0.003,243,20,21,22,23,24,25,26,27,28,29,30,31,
102.476,102,204,306,10.404,20.808,31.212,108,109,110,0.007,0.005,0.003,244,20,21,22,23,24,25,26,27,28,29,30,31,
102.876,102,204,306,10.404,20.808,31.212,108,109,110,0.007,0.005,0.003,245,20,21,22,23,24,25,26,27,28,29,30,31,
103.276,103,206,309,10.609,21.218,31.827,109,110,111,0.007,0.005,0.003,246,20,21,22,23,24,25,26,27,28,29,30,31,
103.676,103,206,309,10.609,21.218,31.827,109,110,111,0.007,0.005,0.003,247,20,21,22,23,24,25,26,27,28,29,30,31,
104.076,104,208,312,10.816,21.632,32.448,110,111,112,0.007,0.005,0.003,248,20,21,22,23,24,25,26,27,28,29,30,31,
104.476,104,208,312,10.816,21.632,32.448,110,111,112,0.007,0.005,0.003,249,20,21,22,23,24,25,26,27,28,29,30,31,
105.876,105,210,315,11.025,22.05,-32.461,111,112,113,0.007,0.005,0.003,250,20,21,22,23,24,25,26,27,28,29,30,31,
106.276,106,212,318,11.236,22.472,-31.828,112,113,114,0.007,0.005,0.003,251,20,21,22,23,24,25,26,27,28,29,30,31,
106.676,106,212,318,11.236,22.472,-31.828,112,113,114,0.007,0.005,0.003,252,20,21,22,23,24,25,26,27,28,29,30,31,
107.076,107,214,321,11.449,22.898,-31.189,113,114,115,0.007,0.005,0.003,253,20,21,22,23,24,25,26,27,28,29,30,31,
107.476,107,214,321,11.449,22.898,-31.189,113,114,115,0.007,0.005,0.003,254,20,21,22,23,24,25,26,27,28,29,30,31,
107.876,107,214,321,11.449,22.898,-31.189,113,114,115,0.007,0.005,0.003,255,20,21,22,23,24,25,26,27,28,29,30,31,
108.276,108,216,324,11.664,23.328,-30.544,114,115,116,0.007,0.005,0.003,256,20,21,22,23,24,25,26,27,28,29,30,31,
108.676,108,216,324,11.664,23.328,-30.544,114,115,116,0.007,0.005,0.003,257,20,21,22,23,24,25,26,27,28,29,30,31,
109.076,109,218,327,11.881,23.762,-29.893,115,116,117,0.007,0.005,0.003,258,20,21,22,23,24,25,26,27,28,29,30,31,
109.476,109,218,327,11.881,23.762,-29.893,115,116,117,0.007,0.005,0.003,259,20,21,22,23,24,25,26,27,28,29,30,31,
109.876,109,218,327,11.881,23.762,-29.893,115,116,117,0.007,0.005,0.003,260,20,21,22,23,24,25,26,27,28,29,30,31,
110.276,110,220,330,12.1,24.2,-29.236,116,117,118,0.007,0.005,0.003,261,20,21,22,23,24,25,26,27,28,29,30,31,
110.676,110,220,330,12.1,24.2,-29.236,116,117,118,0.007,0.005,0.003,262,20,21,22,23,24,25,26,27,28,29,30,31,
111.076,111,222,333,12.321,24.642,-28.573,117,118,119,0.007,0.005,0.003,263,20,21,22,23,24,25,26,27,28,29,30,31,
111.476,111,222,333,12.321,24.642,-28.573,117,118,119,0.007,0.005,0.003,264,20,21,22,23,24,25,26,27,28,29,30,31,
111.876,111,222,333,12.321,24.642,-28.573,117,118,119,0.007,0.005,0.003,265,20,21,22,23,24,25,26,27,28,29,30,31,
112.276,112,224,336,12.544,25.088,-27.904,118,119,120,0.007,0.005,0.003,266,20,21,22,23,24,25,26,27,28,29,30,31,
112.676,112,224,336,12.544,25.088,-27.904,118,119,120,0.007,0.005,0.003,267,20,21,22,23,24,25,26,27,28,29,30,31,
113.076,113,226,339,12.769,25.538,-27.229,119,120,121,0.007,0.005,0.003,268,20,21,22,23,24,25,26,27,28,29,30,31,
113.476,113,226,339,12.769,25.538,-27.229,119,120,121,0.007,0.005,0.003,269,20,21,22,23,24,25,26,27,28,29,30,31,
113.876,113,226,339,12.769,25.538,-27.229,119,120,121,0.007,0.005,0.003,270,20,21,22,23,24,25,26,27,28,29,30,31,
114.276,114,228,342,12.996,25.992,-26.548,120,121,122,0.007,0.005,0.003,271,20,21,22,23,24,25,26,27,28,29,30,31,
114.676,114,228,342,12.996,25.992,-26.548,120,121,122,0.007,0.005,0.003,272,20,21,22,23,24,25,26,27,28,29,30,31,
115.076,115,230,345,13.225,26.45,-25.861,121,122,123,0.007,0.005,0.003,273,20,21,22,23,24,25,26,27,28,29,30,31,
115.476,115,230,345,13.225,26.45,-25.861,121,122,123,0.007,0.005,0.003,274,20,21,22,23,24,25,26,27,28,29,30,31,
115.876,115,230,345,13.225,26.45,-25.861,121,122,123,0.007,0.005,0.003,275,20,21,22,23,24,25,26,27,28,29,30,31,
116.276,116,232,348,13.456,26.912,-25.168,122,123,124,0.007,0.005,0.003,276,20,21,22,23,24,25,26,27,28,29,30,31,
116.676,116,232,348,13.456,26.912,-25.168,122,123,124,0.007,0.005,0.003,277,20,21,22,23,24,25,26,27,28,29,30,31,
117.076,117,234,351,13.689,27.378,-24.469,123,124,125,0.007,0.005,0.003,278,20,21,22,23,24,25,26,27,28,29,30,31,
117.476,117,234,351,13.689,27.378,-24.469,123,124,125,0.007,0.005,0.003,279,20,21,22,23,24,25,26,27,28,29,30,31,
117.876,117,234,351,13.689,27.378,-24.469,123,124,125,0.007,0.005,0.003,280,20,21,22,23,24,25,26,27,28,29,30,31,
118.276,118,236,354,13.924,27.848,-23.764,124,125,126,0.007,0.005,0.003,281,20,21,22,23,24,25,26,27,28,29,30,31,
118.676,118,236,354,13.924,27.848,-23.764,124,125,126,0.007,0.005,0.003,282,20,21,22,23,24,25,26,27,28,29,30,31,
119.076,119,238,357,14.161,28.322,-23.053,125,126,127,0.007,0.005,0.003,283,20,21,22,23,24,25,26,27,28,29,30,31,
119.476,119,238,357,14.161,28.322,-23.053,125,126,127,0.007,0.005,0.003,284,20,21,22,23,24,25,26,27,28,29,30,31,
119.876,119,238,357,14.161,28.322,-23.053,125,126,127,0.007,0.005,0.003,285,20,21,22,23,24,25,26,27,28,29,30,31,
120.276,120,240,360,14.4,28.8,-22.336,126,127,128,0.007,0.005,0.003,286,20,21,22,23,24,25,26,27,28,29,30,31,
120.676,120,240,360,14.4,28.8,-22.336,126,127,128,0.007,0.005,0.003,287,20,21,22,23,24,25,26,27,28,29,30,31,
121.076,121,242,363,14.641,29.282,-21.613,127,128,129,0.007,0.005,0.003,288,20,21,22,23,24,25,26,27,28,29,30,31,
122.454,122,244,366,14.884,29.768,-20.884,128,129,130,0.007,0.005,0.003,289,20,21,22,23,24,25,26,27,28,29,30,31,
122.854,122,244,366,14.884,29.768,-20.884,128,129,130,0.007,0.005,0.003,290,20,21,22,23,24,25,26,27,28,29,30,31,
123.254,123,246,369,15.129,30.258,-20.149,129,130,131,0.007,0.005,0.003,291,20,21,22,23,24,25,26,27,28,29,30,31,
123.654,123,246,369,15.129,30.258,-20.149,129,130,131,0.007,0.005,0.003,292,20,21,22,23,24,25,26,27,28,29,30,31,
124.054,124,248,372,15.376,30.752,-19.408,130,131,132,0.007,0.005,0.003,293,20,21,22,23,24,25,26,27,28,29,30,31,
124.454,124,248,372,15.376,30.752,-19.408,130,131,132,0.007,0.005,0.003,294,20,21,22,23,24,25,26,27,28,29,30,31,
124.854,124,248,372,15.376,30.752,-19.408,130,131,132,0.007,0.005,0.003,295,20,21,22,23,24,25,26,27,28,29,30,31,
125.254,125,250,375,15.625,31.25,-18.661,131,132,133,0.007,0.005,0.003,296,20,21,22,23,24,25,26,27,28,29,30,31,
125.654,125,250,375,15.625,31.25,-18.661,131,132,133,0.007,0.005,0.003,297,20,21,22,23,24,25,26,27,28,29,30,31,
126.054,126,252,378,15.876,31.752,-17.908,132,133,134,0.007,0.005,0.003,298,20,21,22,23,24,25,26,27,28,29,30,31,
126.454,126,252,378,15.876,31.752,-17.908,132,133,134,0.007,0.005,0.003,299,20,21,22,23,24,25,26,27,28,29,30,31,
126.854,126,252,378,15.876,31.752,-17.908,132,133,134,0.007,0.005,0.003,300,20,21,22,23,24,25,26,27,28,29,30,31,
127.254,127,254,381,16.129,32.258,-17.149,133,134,135,0.007,0.005,0.003,301,20,21,22,23,24,25,26,27,28,29,30,31,
127.654,127,254,381,16.129,32.258,-17.149,133,134,135,0.007,0.005,0.003,302,20,21,22,23,24,25,26,27,28,29,30,31,
128.054,128,256,384,16.384,-32.768,-16.384,134,135,136,0.007,0.005,0.003,303,20,21,22,23,24,25,26,27,28,29,30,31,
128.454,128,256,384,16.384,-32.768,-16.384,134,135,136,0.007,0.005,0.003,304,20,21,22,23,24,25,26,27,28,29,30,31,
128.854,128,256,384,16.384,-32.768,-16.384,134,135,136,0.007,0.005,0.003,305,20,21,22,23,24,25,26,27,28,29,30,31,
129.254,129,258,387,16.641,-32.254,-15.613,135,136,137,0.007,0.005,0.003,306,20,21,22,23,24,25,26,27,28,29,30,31,
129.654,129,258,387,16.641,-32.254,-15.613,135,136,137,0.007,0.005,0.003,307,20,21,22,23,24,25,26,27,28,29,30,31,
130.054,130,260,390,16.9,-31.736,-14.836,136,137,138,0.007,0.005,0.003,308,20,21,22,23,24,25,26,27,28,29,30,31,
130.454,130,260,390,16.9,-31.736,-14.836,136,137,138,0.007,0.005,0.003,309,20,21,22,23,24,25,26,27,28,29,30,31,
130.854,130,260,390,16.9,-31.736,-14.836,136,137,138,0.007,0.005,0.003,310,20,21,22,23,24,25,26,27,28,29,30,31,
131.254,131,262,393,17.161,-31.214,-14.053,137,138,139,0.007,0.005,0.003,311,20,21,22,23,24,25,26,27,28,29,30,31,
131.654,131,262,393,17.161,-31.214,-14.053,137,138,139,0.007,0.005,0.003,312,20,21,22,23,24,25,26,27,28,29,30,31,
132.054,132,264,396,17.424,-30.688,-13.264,138,139,140,0.007,0.005,0.003,313,20,21,22,23,24,25,26,27,28,29,30,31,
132.454,132,264,396,17.424,-30.688,-13.264,138,139,140,0.007,0.005,0.003,314,20,21,22,23,24,25,26,27,28,29,30,31,
132.854,132,264,396,17.424,-30.688,-13.264,138,139,140,0.007,0.005,0.003,315,20,21,22,23,24,25,26,27,28,29,30,31,
133.254,133,266,399,17.689,-30.158,-12.469,139,140,141,0.007,0.005,0.003,316,20,21,22,23,24,25,26,27,28,29,30,31,
133.654,133,266,399,17.689,-30.158,-12.469,139,140,141,0.007,0.005,0.003,317,20,21,22,23,24,25,26,27,28,29,30,31,
134.054,134,268,402,17.956,-29.624,-11.668,140,141,142,0.007,0.005,0.003,318,20,21,22,23,24,25,26,27,28,29,30,31,
134.454,134,268,402,17.956,-29.624,-11.668,140,141,142,0.007,0.005,0.003,319,20,21,22,23,24,25,26,27,28,29,30,31,
134.854,134,268,402,17.956,-29.624,-11.668,140,141,142,0.007,0.005,0.003,320,20,21,22,23,24,25,26,27,28,29,30,31,
135.254,135,270,405,18.225,-29.086,-10.861,141,142,143,0.007,0.005,0.003,321,20,21,22,23,24,25,26,27,28,29,30,31,
135.654,135,270,405,18.225,-29.086,-10.861,141,142,143,0.007,0.005,0.003,322,20,21,22,23,24,25,26,27,28,29,30,31,
136.054,136,272,408,18.496,-28.544,-10.048,142,143,144,0.007,0.005,0.003,323,20,21,22,23,24,25,26,27,28,29,30,31,
136.454,136,272,408,18.496,-28.544,-10.048,142,143,144,0.007,0.005,0.003,324,20,21,22,23,24,25,26,27,28,29,30,31,
136.854,136,272,408,18.496,-28.544,-10.048,142,143,144,0.007,0.005,0.003,325,20,21,22,23,24,25,26,27,28,29,30,31,
137.254,137,274,411,18.769,-27.998,-9.229,143,144,145,0.007,0.005,0.003,326,20,21,22,23,24,25,26,27,28,29,30,31,
137.654,137,274,411,18.769,-27.998,-9.229,143,144,145,0.007,0.005,0.003,327,20,21,22,23,24,25,26,27,28,29,30,31,
138.054,138,276,414,19.044,-27.448,-8.404,144,145,146,0.007,0.005,0.003,328,20,21,22,23,24,25,26,27,28,29,30,31,
138.454,138,276,414,19.044,-27.448,-8.404,144,145,146,0.007,0.005,0.003,329,20,21,22,23,24,25,26,27,28,29,30,31,
138.854,138,276,414,19.044,-27.448,-8.404,144,145,146,0.007,0.005,0.003,330,20,21,22,23,24,25,26,27,28,29,30,31,
139.254,139,278,417,19.321,-26.894,-7.573,145,146,147,0.007,0.005,0.003,331,20,21,22,23,24,25,26,27,28,29,30,31,
139.654,139,278,417,19.321,-26.894,-7.573,145,146,147,0.007,0.005,0.003,332,20,21,22,23,24,25,26,27,28,29,30,31,
140.054,140,280,420,19.6,-26.336,-6.736,146,147,148,0.007,0.005,0.003,333,20,21,22,23,24,25,26,27,28,29,30,31,
140.454,140,280,420,19.6,-26.336,-6.736,146,147,148,0.007,0.005,0.003,334,20,21,22,23,24,25,26,27,28,29,30,31,
140.854,140,280,420,19.6,-26.336,-6.736,146,147,148,0.007,0.005,0.003,335,20,21,22,23,24,25,26,27,28,29,30,31,
141.254,141,282,423,19.881,-25.774,-5.893,147,148,149,0.007,0.005,0.003,336,20,21,22,23,24,25,26,27,28,29,30,31,
141.654,141,282,423,19.881,-25.774,-5.893,147,148,149,0.007,0.005,0.003,337,20,21,22,23,24,25,26,27,28,29,30,31,
142.054,142,284,426,20.164,-25.208,-5.044,148,149,150,0.007,0.005,0.003,338,20,21,22,23,24,25,26,27,28,29,30,31,
142.454,142,284,426,20.164,-25.208,-5.044,148,149,150,0.007,0.005,0.003,339,20,21,22,23,24,25,26,27,28,29,30,31,
142.854,142,284,426,20.164,-25.208,-5.044,148,149,150,0.007,0.005,0.003,340,20,21,22,23,24,25,26,27,28,29,30,31,
143.254,143,286,429,20.449,-24.638,-4.189,149,150,151,0.007,0.005,0.003,341,20,21,22,23,24,25,26,27,28,29,30,31,
143.654,143,286,429,20.449,-24.638,-4.189,149,150,151,0.007,0.005,0.003,342,20,21,22,23,24,25,26,27,28,29,30,31,
144.054,144,288,432,20.736,-24.064,-3.328,150,151,152,0.007,0.005,0.003,343,20,21,22,23,24,25,26,27,28,29,30,31,
144.454,144,288,432,20.736,-24.064,-3.328,150,151,152,0.007,0.005,0.003,344,20,21,22,23,24,25,26,27,28,29,30,31,
144.854,144,288,432,20.736,-24.064,-3.328,150,151,152,0.007,0.005,0.003,345,20,21,22,23,24,25,26,27,28,29,30,31,
145.254,145,290,435,21.025,-23.486,-2.461,151,152,153,0.007,0.005,0.003,346,20,21,22,23,24,25,26,27,28,29,30,31,
145.654,145,290,435,21.025,-23.486,-2.461,151,152,153,0.007,0.005,0.003,347,20,21,22,23,24,25,26,27,28,29,30,31,
146.054,146,292,438,21.316,-22.904,-1.588,152,153,154,0.007,0.005,0.003,348,20,21,22,23,24,25,26,27,28,29,30,31,
146.454,146,292,438,21.316,-22.904,-1.588,152,153,154,0.007,0.005,0.003,349,20,21,22,23,24,25,26,27,28,29,30,31,
146.854,146,292,438,21.316,-22.904,-1.588,152,153,154,0.007,0.005,0.003,350,20,21,22,23,24,25,26,27,28,29,30,31,
147.254,147,294,441,21.609,-22.318,-0.709,153,154,155,0.007,0.005,0.003,351,20,21,22,23,24,25,26,27,28,29,30,31,
147.654,147,294,441,21.609,-22.318,-0.709,153,154,155,0.007,0.005,0.003,352,20,21,22,23,24,25,26,27,28,29,30,31,
148.054,148,296,444,21.904,-21.728,0.176,154,155,156,0.007,0.005,0.003,353,20,21,22,23,24,25,26,27,28,29,30,31,
148.454,148,296,444,21.904,-21.728,0.176,154,155,156,0.007,0.005,0.003,354,20,21,22,23,24,25,26,27,28,29,30,31,
148.854,148,296,444,21.904,-21.728,0.176,154,155,156,0.007,0.005,0.003,355,20,21,22,23,24,25,26,27,28,29,30,31,
149.254,149,298,447,22.201,-21.134,1.067,155,156,157,0.007,0.005,0.003,356,20,21,22,23,24,25,26,27,28,29,30,31,
149.654,149,298,447,22.201,-21.134,1.067,155,156,157,0.007,0.005,0.003,357,20,21,22,23,24,25,26,27,28,29,30,31,
150.054,150,300,450,22.5,-20.536,1.964,156,157,158,0.007,0.005,0.003,358,20,21,22,23,24,25,26,27,28,29,30,31,
150.454,150,300,450,22.5,-20.536,1.964,156,157,158,0.007,0.005,0.003,359,20,21,22,23,24,25,26,27,28,29,30,31,
151.829,151,302,453,22.801,-19.934,2.867,157,158,159,0.007,0.005,0.003,360,20,21,22,23,24,25,26,27,28,29,30,31,
152.229,152,304,456,23.104,-19.328,3.776,158,159,160,0.007,0.005,0.003,361,20,21,22,23,24,25,26,27,28,29,30,31,
152.629,152,304,456,23.104,-19.328,3.776,158,159,160,0.007,0.005,0.003,362,20,21,22,23,24,25,26,27,28,29,30,31,
153.029,153,306,459,23.409,-18.718,4.691,159,160,161,0.007,0.005,0.003,363,20,21,22,23,24,25,26,27,28,29,30,31,
153.429,153,306,459,23.409,-18.718,4.691,159,160,161,0.007,0.005,0.003,364,20,21,22,23,24,25,26,27,28,29,30,31,
153.829,153,306,459,23.409,-18.718,4.691,159,160,161,0.007,0.005,0.003,365,20,21,22,23,24,25,26,27,28,29,30,31,
154.229,154,308,462,23.716,-18.104,5.612,160,161,162,0.007,0.005,0.003,366,20,21,22,23,24,25,26,27,28,29,30,31,
154.629,154,308,462,23.716,-18.104,5.612,160,161,162,0.007,0.005,0.003,367,20,21,22,23,24,25,26,27,28,29,30,31,
155.029,155,310,465,24.025,-17.486,6.539,161,162,163,0.007,0.005,0.003,368,20,21,22,23,24,25,26,27,28,29,30,31,
155.429,155,310,465,24.025,-17.486,6.539,161,162,163,0.007,0.005,0.003,369,20,21,22,23,24,25,26,27,28,29,30,31,
155.829,155,310,465,24.025,-17.486,6.539,161,162,163,0.007,0.005,0.003,370,20,21,22,23,24,25,26,27,28,29,30,31,
156.229,156,312,468,24.336,-16.864,7.472,162,163,164,0.007,0.005,0.003,371,20,21,22,23,24,25,26,27,28,29,30,31,
156.629,156,312,468,24.336,-16.864,7.472,162,163,164,0.007,0.005,0.003,372,20,21,22,23,24,25,26,27,28,29,30,31,
157.029,157,314,471,24.649,-16.238,8.411,163,164,165,0.007,0.005,0.003,373,20,21,22,23,24,25,26,27,28,29,30,31,
157.429,157,314,471,24.649,-16.238,8.411,163,164,165,0.007,0.005,0.003,374,20,21,22,23,24,25,26,27,28,29,30,31,
157.829,157,314,471,24.649,-16.238,8.411,163,164,165,0.007,0.005,0.003,375,20,21,22,23,24,25,26,27,28,29,30,31,
158.229,158,316,474,24.964,-15.608,9.356,164,165,166,0.007,0.005,0.003,376,20,21,22,23,24,25,26,27,28,29,30,31,
158.629,158,316,474,24.964,-15.608,9.356,164,165,166,0.007,0.005,0.003,377,20,21,22,23,24,25,26,27,28,29,30,31,
159.029,159,318,477,25.281,-14.974,10.307,165,166,167,0.007,0.005,0.003,378,20,21,22,23,24,25,26,27,28,29,30,31,
159.429,159,318,477,25.281,-14.974,10.307,165,166,167,0.007,0.005,0.003,379,20,21,22,23,24,25,26,27,28,29,30,31,
159.829,159,318,477,25.281,-14.974,10.307,165,166,167,0.007,0.005,0.003,380,20,21,22,23,24,25,26,27,28,29,30,31,
160.229,160,320,480,25.6,-14.336,11.264,166,167,168,0.007,0.005,0.003,381,20,21,22,23,24,25,26,27,28,29,30,31,
160.629,160,320,480,25.6,-14.336,11.264,166,167,168,0.007,0.005,0.003,382,20,21,22,23,24,25,26,27,28,29,30,31,
161.029,161,322,483,25.921,-13.694,12.227,167,168,169,0.007,0.005,0.003,383,20,21,22,23,24,25,26,27,28,29,30,31,
161.429,161,322,483,25.921,-13.694,12.227,167,168,169,0.007,0.005,0.003,384,20,21,22,23,24,25,26,27,28,29,30,31,
161.829,161,322,483,25.921,-13.694,12.227,167,168,169,0.007,0.005,0.003,385,20,21,22,23,24,25,26,27,28,29,30,31,
162.229,162,324,486,26.244,-13.048,13.196,168,169,170,0.007,0.005,0.003,386,20,21,22,23,24,25,26,27,28,29,30,31,
162.629,162,324,486,26.244,-13.048,13.196,168,169,170,0.007,0.005,0.003,387,20,21,22,23,24,25,26,27,28,29,30,31,
163.029,163,326,489,26.569,-12.398,14.171,169,170,171,0.007,0.005,0.003,388,20,21,22,23,24,25,26,27,28,29,30,31,
163.429,163,326,489,26.569,-12.398,14.171,169,170,171,0.007,0.005,0.003,389,20,21,22,23,24,25,26,27,28,29,30,31,
163.829,163,326,489,26.569,-12.398,14.171,169,170,171,0.007,0.005,0.003,390,20,21,22,23,24,25,26,27,28,29,30,31,
164.229,164,328,492,26.896,-11.744,15.152,170,171,172,0.007,0.005,0.003,391,20,21,22,23,24,25,26,27,28,29,30,31,
164.629,164,328,492,26.896,-11.744,15.152,170,171,172,0.007,0.005,0.003,392,20,21,22,23,24,25,26,27,28,29,30,31,
165.029,165,330,495,27.225,-11.086,16.139,171,172,173,0.007,0.005,0.003,393,20,21,22,23,24,25,26,27,28,29,30,31,
165.429,165,330,495,27.225,-11.086,16.139,171,172,173,0.007,0.005,0.003,394,20,21,22,23,24,25,26,27,28,29,30,31,
165.829,165,330,495,27.225,-11.086,16.139,171,172,173,0.007,0.005,0.003,395,20,21,22,23,24,25,26,27,28,29,30,31,
166.229,166,332,498,27.556,-10.424,17.132,172,173,174,0.007,0.005,0.003,396,20,21,22,23,24,25,26,27,28,29,30,31,
166.629,166,332,498,27.556,-10.424,17.132,172,173,174,0.007,0.005,0.003,397,20,21,22,23,24,25,26,27,28,29,30,31,
167.029,167,334,501,27.889,-9.758,18.131,173,174,175,0.007,0.005,0.003,398,20,21,22,23,24,25,26,27,28,29,30,31,
167.429,167,334,501,27.889,-9.758,18.131,173,174,175,0.007,0.005,0.003,399,20,21,22,23,24,25,26,27,28,29,30,31,
167.829,167,334,501,27.889,-9.758,18.131,173,174,175,0.007,0.005,0.003,400,20,21,22,23,24,25,26,27,28,29,30,31,
168.229,168,336,504,28.224,-9.088,19.136,174,175,176,0.007,0.005,0.003,401,20,21,22,23,24,25,26,27,28,29,30,31,
168.629,168,336,504,28.224,-9.088,19.136,174,175,176,0.007,0.005,0.003,402,20,21,22,23,24,25,26,27,28,29,30,31,
169.029,169,338,507,28.561,-8.414,20.147,175,176,177,0.007,0.005,0.003,403,20,21,22,23,24,25,26,27,28,29,30,31,
169.429,169,338,507,28.561,-8.414,20.147,175,176,177,0.007,0.005,0.003,404,20,21,22,23,24,25,26,27,28,29,30,31,
169.829,169,338,507,28.561,-8.414,20.147,175,176,177,0.007,0.005,0.003,405,20,21,22,23,24,25,26,27,28,29,30,31,
170.229,170,340,510,28.9,-7.736,21.164,176,177,178,0.007,0.005,0.003,406,20,21,22,23,24,25,26,27,28,29,30,31,
170.629,170,340,510,28.9,-7.736,21.164,176,177,178,0.007,0.005,0.003,407,20,21,22,23,24,25,26,27,28,29,30,31,
171.029,171,342,513,29.241,-7.054,22.187,177,178,179,0.007,0.005,0.003,408,20,21,22,23,24,25,26,27,28,29,30,31,
171.429,171,342,513,29.241,-7.054,22.187,177,178,179,0.007,0.005,0.003,409,20,21,22,23,24,25,26,27,28,29,30,31,
171.829,171,342,513,29.241,-7.054,22.187,177,178,179,0.007,0.005,0.003,410,20,21,22,23,24,25,26,27,28,29,30,31,
172.229,172,344,516,29.584,-6.368,23.216,178,179,180,0.007,0.005,0.003,411,20,21,22,23,24,25,26,27,28,29,30,31,
172.629,172,344,516,29.584,-6.368,23.216,178,179,180,0.007,0.005,0.003,412,20,21,22,23,24,25,26,27,28,29,30,31,
173.029,173,346,519,29.929,-5.678,24.251,179,180,181,0.007,0.005,0.003,413,20,21,22,23,24,25,26,27,28,29,30,31,
173.429,173,346,519,29.929,-5.678,24.251,179,180,181,0.007,0.005,0.003,414,20,21,22,23,24,25,26,27,28,29,30,31,
173.829,173,346,519,29.929,-5.678,24.251,179,180,181,0.007,0.005,0.003,415,20,21,22,23,24,25,26,27,28,29,30,31,
174.229,174,348,522,30.276,-4.984,25.292,180,181,182,0.007,0.005,0.003,416,20,21,22,23,24,25,26,27,28,29,30,31,
174.629,174,348,522,30.276,-4.984,25.292,180,181,182,0.007,0.005,0.003,417,20,21,22,23,24,25,26,27,28,29,30,31,
175.029,175,350,525,30.625,-4.286,26.339,181,182,183,0.007,0.005,0.003,418,20,21,22,23,24,25,26,27,28,29,30,31,
175.429,175,350,525,30.625,-4.286,26.339,181,182,183,0.007,0.005,0.003,419,20,21,22,23,24,25,26,27,28,29,30,31,
175.829,175,350,525,30.625,-4.286,26.339,181,182,183,0.007,0.005,0.003,420,20,21,22,23,24,25,26,27,28,29,30,31,
176.229,176,352,528,30.976,-3.584,27.392,182,183,184,0.007,0.005,0.003,421,20,21,22,23,24,25,26,27,28,29,30,31,
176.629,176,352,528,30.976,-3.584,27.392,182,183,184,0.007,0.005,0.003,422,20,21,22,23,24,25,26,27,28,29,30,31,
177.029,177,354,531,31.329,-2.878,28.451,183,184,185,0.007,0.005,0.003,423,20,21,22,23,24,25,26,27,28,29,30,31,
177.429,177,354,531,31.329,-2.878,28.451,183,184,185,0.007,0.005,0.003,424,20,21,22,23,24,25,26,27,28,29,30,31,
177.829,177,354,531,31.329,-2.878,28.451,183,184,185,0.007,0.005,0.003,425,20,21,22,23,24,25,26,27,28,29,30,31,
178.229,178,356,534,31.684,-2.168,29.516,184,185,186,0.007,0.005,0.003,426,20,21,22,23,24,25,26,27,28,29,30,31,
178.629,178,356,534,31.684,-2.168,29.516,184,185,186,0.007,0.005,0.003,427,20,21,22,23,24,25,26,27,28,29,30,31,
179.029,179,358,537,32.041,-1.454,30.587,185,186,187,0.007,0.005,0.003,428,20,21,22,23,24,25,26,27,28,29,30,31,
179.429,179,358,537,32.041,-1.454,30.587,185,186,187,0.007,0.005,0.003,429,20,21,22,23,24,25,26,27,28,29,30,31,
179.829,179,358,537,32.041,-1.454,30.587,185,186,187,0.007,0.005,0.003,430,20,21,22,23,24,25,26,27,28,29,30,31,
180.229,180,360,540,32.4,-0.736,31.664,186,187,188,0.007,0.005,0.003,431,20,21,22,23,24,25,26,27,28,29,30,31,
180.629,180,360,540,32.4,-0.736,31.664,186,187,188,0.007,0.005,0.003,432,20,21,22,23,24,25,26,27,28,29,30,31,
182.013,182,364,546,-32.412,0.712,-31.7,188,189,190,0.007,0.005,0.003,433,20,21,22,23,24,25,26,27,28,29,30,31,
182.413,182,364,546,-32.412,0.712,-31.7,188,189,190,0.007,0.005,0.003,434,20,21,22,23,24,25,26,27,28,29,30,31,
182.813,182,364,546,-32.412,0.712,-31.7,188,189,190,0.007,0.005,0.003,435,20,21,22,23,24,25,26,27,28,29,30,31,
183.213,183,366,549,-32.047,1.442,-30.605,189,190,191,0.007,0.005,0.003,436,20,21,22,23,24,25,26,27,28,29,30,31,
183.613,183,366,549,-32.047,1.442,-30.605,189,190,191,0.007,0.005,0.003,437,20,21,22,23,24,25,26,27,28,29,30,31,
184.013,184,368,552,-31.68,2.176,-29.504,190,191,192,0.007,0.005,0.003,438,20,21,22,23,24,25,26,27,28,29,30,31,
184.413,184,368,552,-31.68,2.176,-29.504,190,191,192,0.007,0.005,0.003,439,20,21,22,23,24,25,26,27,28,29,30,31,
184.813,184,368,552,-31.68,2.176,-29.504,190,191,192,0.007,0.005,0.003,440,20,21,22,23,24,25,26,27,28,29,30,31,
185.213,185,370,555,-31.311,2.914,-28.397,191,192,193,0.007,0.005,0.003,441,20,21,22,23,24,25,26,27,28,29,30,31,
185.613,185,370,555,-31.311,2.914,-28.397,191,192,193,0.007,0.005,0.003,442,20,21,22,23,24,25,26,27,28,29,30,31,
186.013,186,372,558,-30.94,3.656,-27.284,192,193,194,0.007,0.005,0.003,443,20,21,22,23,24,25,26,27,28,29,30,31,
186.413,186,372,558,-30.94,3.656,-27.284,192,193,194,0.007,0.005,0.003,444,20,21,22,23,24,25,26,27,28,29,30,31,
186.813,186,372,558,-30.94,3.656,-27.284,192,193,194,0.007,0.005,0.003,445,20,21,22,23,24,25,26,27,28,29,30,31,
187.213,187,374,561,-30.567,4.402,-26.165,193,194,195,0.007,0.005,0.003,446,20,21,22,23,24,25,26,27,28,29,30,31,
187.613,187,374,561,-30.567,4.402,-26.165,193,194,195,0.007,0.005,0.003,447,20,21,22,23,24,25,26,27,28,29,30,31,
188.013,188,376,564,-30.192,5.152,-25.04,194,195,196,0.007,0.005,0.003,448,20,21,22,23,24,25,26,27,28,29,30,31,
188.413,188,376,564,-30.192,5.152,-25.04,194,195,196,0.007,0.005,0.003,449,20,21,22,23,24,25,26,27,28,29,30,31,
188.813,188,376,564,-30.192,5.152,-25.04,194,195,196,0.007,0.005,0.003,450,20,21,22,23,24,25,26,27,28,29,30,31,
189.213,189,378,567,-29.815,5.906,-23.909,195,196,197,0.007,0.005,0.003,451,20,21,22,23,24,25,26,27,28,29,30,31,
189.613,189,378,567,-29.815,5.906,-23.909,195,196,197,0.007,0.005,0.003,452,20,21,22,23,24,25,26,27,28,29,30,31,
190.013,190,380,570,-29.436,6.664,-22.772,196,197,198,0.007,0.005,0.003,453,20,21,22,23,24,25,26,27,28,29,30,31,
190.413,190,380,570,-29.436,6.664,-22.772,196,197,198,0.007,0.005,0.003,454,20,21,22,23,24,25,26,27,28,29,30,31,
190.813,190,380,570,-29.436,6.664,-22.772,196,197,198,0.007,0.005,0.003,455,20,21,22,23,24,25,26,27,28,29,30,31,
191.213,191,382,573,-29.055,7.426,-21.629,197,198,199,0.007,0.005,0.003,456,20,21,22,23,24,25,26,27,28,29,30,31,
191.613,191,382,573,-29.055,7.426,-21.629,197,198,199,0.007,0.005,0.003,457,20,21,22,23,24,25,26,27,28,29,30,31,
192.013,192,384,576,-28.672,8.192,-20.48,198,199,200,0.007,0.005,0.003,458,20,21,22,23,24,25,26,27,28,29,30,31,
192.413,192,384,576,-28.672,8.192,-20.48,198,199,200,0.007,0.005,0.003,459,20,21,22,23,24,25,26,27,28,29,30,31,
192.813,192,384,576,-28.672,8.192,-20.48,198,199,200,0.007,0.005,0.003,460,20,21,22,23,24,25,26,27,28,29,30,31,
193.213,193,386,579,-28.287,8.962,-19.325,199,200,201,0.007,0.005,0.003,461,20,21,22,23,24,25,26,27,28,29,30,31,
193.613,193,386,579,-28.287,8.962,-19.325,199,200,201,0.007,0.005,0.003,462,20,21,22,23,24,25,26,27,28,29,30,31,
194.013,194,388,582,-27.9,9.736,-18.164,200,201,202,0.007,0.005,0.003,463,20,21,22,23,24,25,26,27,28,29,30,31,
194.413,194,388,582,-27.9,9.736,-18.164,200,201,202,0.007,0.005,0.003,464,20,21,22,23,24,25,26,27,28,29,30,31,
194.813,194,388,582,-27.9,9.736,-18.164,200,201,202,0.007,0.005,0.003,465,20,21,22,23,24,25,26,27,28,29,30,31,
195.213,195,390,585,-27.511,10.514,-16.997,201,202,203,0.007,0.005,0.003,466,20,21,22,23,24,25,26,27,28,29,30,31,
195.613,195,390,585,-27.511,10.514,-16.997,201,202,203,0.007,0.005,0.003,467,20,21,22,23,24,25,26,27,28,29,30,31,
196.013,196,392,588,-27.12,11.296,-15.824,202,203,204,0.007,0.005,0.003,468,20,21,22,23,24,25,26,27,28,29,30,31,
196.413,196,392,588,-27.12,11.296,-15.824,202,203,204,0.007,0.005,0.003,469,20,21,22,23,24,25,26,27,28,29,30,31,
196.813,196,392,588,-27.12,11.296,-15.824,202,203,204,0.007,0.005,0.003,470,20,21,22,23,24,25,26,27,28,29,30,31,
197.213,197,394,591,-26.727,12.082,-14.645,203,204,205,0.007,0.005,0.003,471,20,21,22,23,24,25,26,27,28,29,30,31,
197.613,197,394,591,-26.727,12.082,-14.645,203,204,205,0.007,0.005,0.003,472,20,21,22,23,24,25,26,27,28,29,30,31,
198.013,198,396,594,-26.332,12.872,-13.46,204,205,206,0.007,0.005,0.003,473,20,21,22,23,24,25,26,27,28,29,30,31,
198.413,198,396,594,-26.332,12.872,-13.46,204,205,206,0.007,0.005,0.003,474,20,21,22,23,24,25,26,27,28,29,30,31,
198.813,198,396,594,-26.332,12.872,-13.46,204,205,206,0.007,0.005,0.003,475,20,21,22,23,24,25,26,27,28,29,30,31,
199.213,199,398,597,-25.935,13.666,-12.269,205,206,207,0.007,0.005,0.003,476,20,21,22,23,24,25,26,27,28,29,30,31,
199.613,199,398,597,-25.935,13.666,-12.269,205,206,207,0.007,0.005,0.003,477,20,21,22,23,24,25,26,27,28,29,30,31,
200.013,200,400,600,-25.536,14.464,-11.072,206,207,208,0.007,0.005,0.003,478,20,21,22,23,24,25,26,27,28,29,30,31,
200.413,200,400,600,-25.536,14.464,-11.072,206,207,208,0.007,0.005,0.003,479,20,21,22,23,24,25,26,27,28,29,30,31,
200.813,200,400,600,-25.536,14.464,-11.072,206,207,208,0.007,0.005,0.003,480,20,21,22,23,24,25,26,27,28,29,30,31,
201.213,201,402,603,-25.135,15.266,-9.869,207,208,209,0.007,0.005,0.003,481,20,21,22,23,24,25,26,27,28,29,30,31,
201.613,201,402,603,-25.135,15.266,-9.869,207,208,209,0.007,0.005,0.003,482,20,21,22,23,24,25,26,27,28,29,30,31,
202.013,202,404,606,-24.732,16.072,-8.66,208,209,210,0.007,0.005,0.003,483,20,21,22,23,24,25,26,27,28,29,30,31,
202.413,202,404,606,-24.732,16.072,-8.66,208,209,210,0.007,0.005,0.003,484,20,21,22,23,24,25,26,27,28,29,30,31,
202.813,202,404,606,-24.732,16.072,-8.66,208,209,210,0.007,0.005,0.003,485,20,21,22,23,24,25,26,27,28,29,30,31,
203.213,203,406,609,-24.327,16.882,-7.445,209,210,211,0.007,0.005,0.003,486,20,21,22,23,24,25,26,27,28,29,30,31,
203.613,203,406,609,-24.327,16.882,-7.445,209,210,211,0.007,0.005,0.003,487,20,21,22,23,24,25,26,27,28,29,30,31,
204.013,204,408,612,-23.92,17.696,-6.224,210,211,212,0.007,0.005,0.003,488,20,21,22,23,24,25,26,27,28,29,30,31,
204.413,204,408,612,-23.92,17.696,-6.224,210,211,212,0.007,0.005,0.003,489,20,21,22,23,24,25,26,27,28,29,30,31,
204.813,204,408,612,-23.92,17.696,-6.224,210,211,212,0.007,0.005,0.003,490,20,21,22,23,24,25,26,27,28,29,30,31,
205.213,205,410,615,-23.511,18.514,-4.997,211,212,213,0.007,0.005,0.003,491,20,21,22,23,24,25,26,27,28,29,30,31,
205.613,205,410,615,-23.511,18.514,-4.997,211,212,213,0.007,0.005,0.003,492,20,21,22,23,24,25,26,27,28,29,30,31,
206.013,206,412,618,-23.1,19.336,-3.764,212,213,214,0.007,0.005,0.003,493,20,21,22,23,24,25,26,27,28,29,30,31,
206.413,206,412,618,-23.1,19.336,-3.764,212,213,214,0.007,0.005,0.003,494,20,21,22,23,24,25,26,27,28,29,30,31,
206.813,206,412,618,-23.1,19.336,-3.764,212,213,214,0.007,0.005,0.003,495,20,21,22,23,24,25,26,27,28,29,30,31,
207.213,207,414,621,-22.687,20.162,-2.525,213,214,215,0.007,0.005,0.003,496,20,21,22,23,24,25,26,27,28,29,30,31,
207.613,207,414,621,-22.687,20.162,-2.525,213,214,215,0.007,0.005,0.003,497,20,21,22,23,24,25,26,27,28,29,30,31,
208.013,208,416,624,-22.272,20.992,-1.28,214,215,216,0.007,0.005,0.003,498,20,21,22,23,24,25,26,27,28,29,30,31,
208.413,208,416,624,-22.272,20.992,-1.28,214,215,216,0.007,0.005,0.003,499,20,21,22,23,24,25,26,27,28,29,30,31,
209.813,209,418,627,-21.855,21.826,-0.029,215,216,217,0.007,0.005,0.003,500,20,21,22,23,24,25,26,27,28,29,30,31,
210.213,210,420,630,-21.436,22.664,1.228,216,217,218,0.007,0.005,0.003,501,20,21,22,23,24,25,26,27,28,29,30,31,
210.613,210,420,630,-21.436,22.664,1.228,216,217,218,0.007,0.005,0.003,502,20,21,22,23,24,25,26,27,28,29,30,31,
211.013,211,422,633,-21.015,23.506,2.491,217,218,219,0.007,0.005,0.003,503,20,21,22,23,24,25,26,27,28,29,30,31,
211.413,211,422,633,-21.015,23.506,2.491,217,218,219,0.007,0.005,0.003,504,20,21,22,23,24,25,26,27,28,29,30,31,
211.813,211,422,633,-21.015,23.506,2.491,217,218,219,0.007,0.005,0.003,505,20,21,22,23,24,25,26,27,28,29,30,31,
212.213,212,424,636,-20.592,24.352,3.76,218,219,220,0.007,0.005,0.003,506,20,21,22,23,24,25,26,27,28,29,30,31,
212.613,212,424,636,-20.592,24.352,3.76,218,219,220,0.007,0.005,0.003,507,20,21,22,23,24,25,26,27,28,29,30,31,
213.013,213,426,639,-20.167,25.202,5.035,219,220,221,0.007,0.005,0.003,508,20,21,22,23,24,25,26,27,28,29,30,31,
213.413,213,426,639,-20.167,25.202,5.035,219,220,221,0.007,0.005,0.003,509,20,21,22,23,24,25,26,27,28,29,30,31,
213.813,213,426,639,-20.167,25.202,5.035,219,220,221,0.007,0.005,0.003,510,20,21,22,23,24,25,26,27,28,29,30,31,
214.213,214,428,642,-19.74,26.056,6.316,220,221,222,0.007,0.005,0.003,511,20,21,22,23,24,25,26,27,28,29,30,31,
214.613,214,428,642,-19.74,26.056,6.316,220,221,222,0.007,0.005,0.003,512,20,21,22,23,24,25,26,27,28,29,30,31,
215.013,215,430,645,-19.311,26.914,7.603,221,222,223,0.007,0.005,0.003,513,20,21,22,23,24,25,26,27,28,29,30,31,
215.413,215,430,645,-19.311,26.914,7.603,221,222,223,0.007,0.005,0.003,514,20,21,22,23,24,25,26,27,28,29,30,31,
215.813,215,430,645,-19.311,26.914,7.603,221,222,223,0.007,0.005,0.003,515,20,21,22,23,24,25,26,27,28,29,30,31,
216.213,216,432,648,-18.88,27.776,8.896,222,223,224,0.007,0.005,0.003,516,20,21,22,23,24,25,26,27,28,29,30,31,
216.613,216,432,648,-18.88,27.776,8.896,222,223,224,0.007,0.005,0.003,517,20,21,22,23,24,25,26,27,28,29,30,31,
217.013,217,434,651,-18.447,28.642,10.195,223,224,225,0.007,0.005,0.003,518,20,21,22,23,24,25,26,27,28,29,30,31,
217.413,217,434,651,-18.447,28.642,10.195,223,224,225,0.007,0.005,0.003,519,20,21,22,23,24,25,26,27,28,29,30,31,
217.813,217,434,651,-18.447,28.642,10.195,223,224,225,0.007,0.005,0.003,520,20,21,22,23,24,25,26,27,28,29,30,31,
218.213,218,436,654,-18.012,29.512,11.5,224,225,226,0.007,0.005,0.003,521,20,21,22,23,24,25,26,27,28,29,30,31,
218.613,218,436,654,-18.012,29.512,11.5,224,225,226,0.007,0.005,0.003,522,20,21,22,23,24,25,26,27,28,29,30,31,
219.013,219,438,657,-17.575,30.386,12.811,225,226,227,0.007,0.005,0.003,523,20,21,22,23,24,25,26,27,28,29,30,31,
219.413,219,438,657,-17.575,30.386,12.811,225,226,227,0.007,0.005,0.003,524,20,21,22,23,24,25,26,27,28,29,30,31,
219.813,219,438,657,-17.575,30.386,12.811,225,226,227,0.007,0.005,0.003,525,20,21,22,23,24,25,26,27,28,29,30,31,
220.213,220,440,660,-17.136,31.264,14.128,226,227,228,0.007,0.005,0.003,526,20,21,22,23,24,25,26,27,28,29,30,31,
220.613,220,440,660,-17.136,31.264,14.128,226,227,228,0.007,0.005,0.003,527,20,21,22,23,24,25,26,27,28,29,30,31,
222.013,222,444,666,-16.252,-32.504,16.78,228,229,230,0.007,0.005,0.003,528,20,21,22,23,24,25,26,27,28,29,30,31,
222.413,222,444,666,-16.252,-32.504,16.78,228,229,230,0.007,0.005,0.003,529,20,21,22,23,24,25,26,27,28,29,30,31,
222.813,222,444,666,-16.252,-32.504,16.78,228,229,230,0.007,0.005,0.003,530,20,21,22,23,24,25,26,27,28,29,30,31,
223.213,223,446,669,-15.807,-31.614,18.115,229,230,231,0.007,0.005,0.003,531,20,21,22,23,24,25,26,27,28,29,30,31,
223.613,223,446,669,-15.807,-31.614,18.115,229,230,231,0.007,0.005,0.003,532,20,21,22,23,24,25,26,27,28,29,30,31,
224.013,224,448,672,-15.36,-30.72,19.456,230,231,232,0.007,0.005,0.003,533,20,21,22,23,24,25,26,27,28,29,30,31,
224.413,224,448,672,-15.36,-30.72,19.456,230,231,232,0.007,0.005,0.003,534,20,21,22,23,24,25,26,27,28,29,30,31,
224.813,224,448,672,-15.36,-30.72,19.456,230,231,232,0.007,0.005,0.003,535,20,21,22,23,24,25,26,27,28,29,30,31,
225.213,225,450,675,-14.911,-29.822,20.803,231,232,233,0.007,0.005,0.003,536,20,21,22,23,24,25,26,27,28,29,30,31,
225.613,225,450,675,-14.911,-29.822,20.803,231,232,233,0.007,0.005,0.003,537,20,21,22,23,24,25,26,27,28,29,30,31,
226.013,226,452,678,-14.46,-28.92,22.156,232,233,234,0.007,0.005,0.003,538,20,21,22,23,24,25,26,27,28,29,30,31,
226.413,226,452,678,-14.46,-28.92,22.156,232,233,234,0.007,0.005,0.003,539,20,21,22,23,24,25,26,27,28,29,30,31,
226.813,226,452,678,-14.46,-28.92,22.156,232,233,234,0.007,0.005,0.003,540,20,21,22,23,24,25,26,27,28,29,30,31,
227.213,227,454,681,-14.007,-28.014,23.515,233,234,235,0.007,0.005,0.003,541,20,21,22,23,24,25,26,27,28,29,30,31,
227.613,227,454,681,-14.007,-28.014,23.515,233,234,235,0.007,0.005,0.003,542,20,21,22,23,24,25,26,27,28,29,30,31,
228.013,228,456,684,-13.552,-27.104,24.88,234,235,236,0.007,0.005,0.003,543,20,21,22,23,24,25,26,27,28,29,30,31,
228.413,228,456,684,-13.552,-27.104,24.88,234,235,236,0.007,0.005,0.003,544,20,21,22,23,24,25,26,27,28,29,30,31,
228.813,228,456,684,-13.552,-27.104,24.88,234,235,236,0.007,0.005,0.003,545,20,21,22,23,24,25,26,27,28,29,30,31,
229.213,229,458,687,-13.095,-26.19,26.251,235,236,237,0.007,0.005,0.003,546,20,21,22,23,24,25,26,27,28,29,30,31,
229.613,229,458,687,-13.095,-26.19,26.251,235,236,237,0.007,0.005,0.003,547,20,21,22,23,24,25,26,27,28,29,30,31,
230.013,230,460,690,-12.636,-25.272,27.628,236,237,238,0.007,0.005,0.003,548,20,21,22,23,24,25,26,27,28,29,30,31,
230.413,230,460,690,-12.636,-25.272,27.628,236,237,238,0.007,0.005,0.003,549,20,21,22,23,24,25,26,27,28,29,30,31,
230.813,230,460,690,-12.636,-25.272,27.628,236,237,238,0.007,0.005,0.003,550,20,21,22,23,24,25,26,27,28,29,30,31,
231.213,231,462,693,-12.175,-24.35,29.011,237,238,239,0.007,0.005,0.003,551,20,21,22,23,24,25,26,27,28,29,30,31,
231.613,231,462,693,-12.175,-24.35,29.011,237,238,239,0.007,0.005,0.003,552,20,21,22,23,24,25,26,27,28,29,30,31,
232.013,232,464,696,-11.712,-23.424,30.4,238,239,240,0.007,0.005,0.003,553,20,21,22,23,24,25,26,27,28,29,30,31,
232.413,232,464,696,-11.712,-23.424,30.4,238,239,240,0.007,0.005,0.003,554,20,21,22,23,24,25,26,27,28,29,30,31,
232.813,232,464,696,-11.712,-23.424,30.4,238,239,240,0.007,0.005,0.003,555,20,21,22,23,24,25,26,27,28,29,30,31,
233.213,233,466,699,-11.247,-22.494,31.795,239,240,241,0.007,0.005,0.003,556,20,21,22,23,24,25,26,27,28,29,30,31,
233.613,233,466,699,-11.247,-22.494,31.795,239,240,241,0.007,0.005,0.003,557,20,21,22,23,24,25,26,27,28,29,30,31,
234.013,234,468,702,-10.78,-21.56,-32.34,240,241,242,0.007,0.005,0.003,558,20,21,22,23,24,25,26,27,28,29,30,31,
234.413,234,468,702,-10.78,-21.56,-32.34,240,241,242,0.007,0.005,0.003,559,20,21,22,23,24,25,26,27,28,29,30,31,
234.813,234,468,702,-10.78,-21.56,-32.34,240,241,242,0.007,0.005,0.003,560,20,21,22,23,24,25,26,27,28,29,30,31,
235.213,235,470,705,-10.311,-20.622,-30.933,241,242,243,0.007,0.005,0.003,561,20,21,22,23,24,25,26,27,28,29,30,31,
235.613,235,470,705,-10.311,-20.622,-30.933,241,242,243,0.007,0.005,0.003,562,20,21,22,23,24,25,26,27,28,29,30,31,
236.013,236,472,708,-9.84,-19.68,-29.52,242,243,244,0.007,0.005,0.003,563,20,21,22,23,24,25,26,27,28,29,30,31,
236.413,236,472,708,-9.84,-19.68,-29.52,242,243,244,0.007,0.005,0.003,564,20,21,22,23,24,25,26,27,28,29,30,31,
236.813,236,472,708,-9.84,-19.68,-29.52,242,243,244,0.007,0.005,0.003,565,20,21,22,23,24,25,26,27,28,29,30,31,
237.213,237,474,711,-9.367,-18.734,-28.101,243,244,245,0.007,0.005,0.003,566,20,21,22,23,24,25,26,27,28,29,30,31,
237.613,237,474,711,-9.367,-18.734,-28.101,243,244,245,0.007,0.005,0.003,567,20,21,22,23,24,25,26,27,28,29,30,31,
238.013,238,476,714,-8.892,-17.784,-26.676,244,245,246,0.007,0.005,0.003,568,20,21,22,23,24,25,26,27,28,29,30,31,
238.413,238,476,714,-8.892,-17.784,-26.676,244,245,246,0.007,0.005,0.003,569,20,21,22,23,24,25,26,27,28,29,30,31,
239.795,239,478,717,-8.415,-16.83,-25.245,245,246,247,0.007,0.005,0.003,570,20,21,22,23,24,25,26,27,28,29,30,31,
240.195,240,480,720,-7.936,-15.872,-23.808,246,247,248,0.007,0.005,0.003,571,20,21,22,23,24,25,26,27,28,29,30,31,
240.595,240,480,720,-7.936,-15.872,-23.808,246,247,248,0.007,0.005,0.003,572,20,21,22,23,24,25,26,27,28,29,30,31,
240.995,240,480,720,-7.936,-15.872,-23.808,246,247,248,0.007,0.005,0.003,573,20,21,22,23,24,25,26,27,28,29,30,31,
241.395,241,482,723,-7.455,-14.91,-22.365,247,248,249,0.007,0.005,0.003,574,20,21,22,23,24,25,26,27,28,29,30,31,
241.795,241,482,723,-7.455,-14.91,-22.365,247,248,249,0.007,0.005,0.003,575,20,21,22,23,24,25,26,27,28,29,30,31,
242.195,242,484,726,-6.972,-13.944,-20.916,248,249,250,0.007,0.005,0.003,576,20,21,22,23,24,25,26,27,28,29,30,31,
242.595,242,484,726,-6.972,-13.944,-20.916,248,249,250,0.007,0.005,0.003,577,20,21,22,23,24,25,26,27,28,29,30,31,
242.995,242,484,726,-6.972,-13.944,-20.916,248,249,250,0.007,0.005,0.003,578,20,21,22,23,24,25,26,27,28,29,30,31,
243.395,243,486,729,-6.487,-12.974,-19.461,249,250,251,0.007,0.005,0.003,579,20,21,22,23,24,25,26,27,28,29,30,31,
243.795,243,486,729,-6.487,-12.974,-19.461,249,250,251,0.007,0.005,0.003,580,20,21,22,23,24,25,26,27,28,29,30,31,
244.195,244,488,732,-6,-12,-18,250,251,252,0.007,0.005,0.003,581,20,21,22,23,24,25,26,27,28,29,30,31,
244.595,244,488,732,-6,-12,-18,250,251,252,0.007,0.005,0.003,582,20,21,22,23,24,25,26,27,28,29,30,31,
244.995,244,488,732,-6,-12,-18,250,251,252,0.007,0.005,0.003,583,20,21,22,23,24,25,26,27,28,29,30,31,
245.395,245,490,735,-5.511,-11.022,-16.533,251,252,253,0.007,0.005,0.003,584,20,21,22,23,24,25,26,27,28,29,30,31,
245.795,245,490,735,-5.511,-11.022,-16.533,251,252,253,0.007,0.005,0.003,585,20,21,22,23,24,25,26,27,28,29,30,31,
246.195,246,492,738,-5.02,-10.04,-15.06,252,253,254,0.007,0.005,0.003,586,20,21,22,23,24,25,26,27,28,29,30,31,
246.595,246,492,738,-5.02,-10.04,-15.06,252,253,254,0.007,0.005,0.003,587,20,21,22,23,24,25,26,27,28,29,30,31,
246.995,246,492,738,-5.02,-10.04,-15.06,252,253,254,0.007,0.005,0.003,588,20,21,22,23,24,25,26,27,28,29,30,31,
247.395,247,494,741,-4.527,-9.054,-13.581,253,254,255,0.007,0.005,0.003,589,20,21,22,23,24,25,26,27,28,29,30,31,
247.795,247,494,741,-4.527,-9.054,-13.581,253,254,255,0.007,0.005,0.003,590,20,21,22,23,24,25,26,27,28,29,30,31,
248.195,248,496,744,-4.032,-8.064,-12.096,254,255,256,0.007,0.005,0.003,591,20,21,22,23,24,25,26,27,28,29,30,31,
248.595,248,496,744,-4.032,-8.064,-12.096,254,255,256,0.007,0.005,0.003,592,20,21,22,23,24,25,26,27,28,29,30,31,
248.995,248,496,744,-4.032,-8.064,-12.096,254,255,256,0.007,0.005,0.003,593,20,21,22,23,24,25,26,27,28,29,30,31,
249.395,249,498,747,-3.535,-7.07,-10.605,255,256,257,0.007,0.005,0.003,594,20,21,22,23,24,25,26,27,28,29,30,31,
249.795,249,498,747,-3.535,-7.07,-10.605,255,256,257,0.007,0.005,0.003,595,20,21,22,23,24,25,26,27,28,29,30,31,
250.195,250,500,750,-3.036,-6.072,-9.108,256,257,258,0.007,0.005,0.003,596,20,21,22,23,24,25,26,27,28,29,30,31,
250.595,250,500,750,-3.036,-6.072,-9.108,256,257,258,0.007,0.005,0.003,597,20,21,22,23,24,25,26,27,28,29,30,31,
250.995,250,500,750,-3.036,-6.072,-9.108,256,257,258,0.007,0.005,0.003,598,20,21,22,23,24,25,26,27,28,29,30,31,
251.395,251,502,753,-2.535,-5.07,-7.605,257,258,259,0.007,0.005,0.003,599,20,21,22,23,24,25,26,27,28,29,30,31,
251.795,251,502,753,-2.535,-5.07,-7.605,257,258,259,0.007,0.005,0.003,600,20,21,22,23,24,25,26,27,28,29,30,31,
252.195,252,504,756,-2.032,-4.064,-6.096,258,259,260,0.007,0.005,0.003,601,20,21,22,23,24,25,26,27,28,29,30,31,
252.595,252,504,756,-2.032,-4.064,-6.096,258,259,260,0.007,0.005,0.003,602,20,21,22,23,24,25,26,27,28,29,30,31,
252.995,252,504,756,-2.032,-4.064,-6.096,258,259,260,0.007,0.005,0.003,603,20,21,22,23,24,25,26,27,28,29,30,31,
253.395,253,506,759,-1.527,-3.054,-4.581,259,260,261,0.007,0.005,0.003,604,20,21,22,23,24,25,26,27,28,29,30,31,
253.795,253,506,759,-1.527,-3.054,-4.581,259,260,261,0.007,0.005,0.003,605,20,21,22,23,24,25,26,27,28,29,30,31,
254.195,254,508,762,-1.02,-2.04,-3.06,260,261,262,0.007,0.005,0.003,606,20,21,22,23,24,25,26,27,28,29,30,31,
254.595,254,508,762,-1.02,-2.04,-3.06,260,261,262,0.007,0.005,0.003,607,20,21,22,23,24,25,26,27,28,29,30,31,
254.995,254,508,762,-1.02,-2.04,-3.06,260,261,262,0.007,0.005,0.003,608,20,21,22,23,24,25,26,27,28,29,30,31,
255.395,255,510,765,-0.511,-1.022,-1.533,261,262,263,0.007,0.005,0.003,609,20,21,22,23,24,25,26,27,28,29,30,31,
255.795,255,510,765,-0.511,-1.022,-1.533,261,262,263,0.007,0.005,0.003,610,20,21,22,23,24,25,26,27,28,29,30,31,
256.195,256,512,768,0,0,0,262,263,264,0.007,0.005,0.003,611,20,21,22,23,24,25,26,27,28,29,30,31,
256.595,256,512,768,0,0,0,262,263,264,0.007,0.005,0.003,612,20,21,22,23,24,25,26,27,28,29,30,31,
256.995,256,512,768,0,0,0,262,263,264,0.007,0.005,0.003,613,20,21,22,23,24,25,26,27,28,29,30,31,
257.395,257,514,771,0.513,1.026,1.539,263,264,265,0.007,0.005,0.003,614,20,21,22,23,24,25,26,27,28,29,30,31,
257.795,257,514,771,0.513,1.026,1.539,263,264,265,0.007,0.005,0.003,615,20,21,22,23,24,25,26,27,28,29,30,31,
258.195,258,516,774,1.028,2.056,3.084,264,265,266,0.007,0.005,0.003,616,20,21,22,23,24,25,26,27,28,29,30,31,
258.595,258,516,774,1.028,2.056,3.084,264,265,266,0.007,0.005,0.003,617,20,21,22,23,24,25,26,27,28,29,30,31,
258.995,258,516,774,1.028,2.056,3.084,264,265,266,0.007,0.005,0.003,618,20,21,22,23,24,25,26,27,28,29,30,31,
259.395,259,518,777,1.545,3.09,4.635,265,266,267,0.007,0.005,0.003,619,20,21,22,23,24,25,26,27,28,29,30,31,
259.795,259,518,777,1.545,3.09,4.635,265,266,267,0.007,0.005,0.003,620,20,21,22,23,24,25,26,27,28,29,30,31,
260.195,260,520,780,2.064,4.128,6.192,266,267,268,0.007,0.005,0.003,621,20,21,22,23,24,25,26,27,28,29,30,31,
260.595,260,520,780,2.064,4.128,6.192,266,267,268,0.007,0.005,0.003,622,20,21,22,23,24,25,26,27,28,29,30,31,
261.973,261,522,783,2.585,5.17,7.755,267,268,269,0.007,0.005,0.003,623,20,21,22,23,24,25,26,27,28,29,30,31,
262.373,262,524,786,3.108,6.216,9.324,268,269,270,0.007,0.005,0.003,624,20,21,22,23,24,25,26,27,28,29,30,31,
262.773,262,524,786,3.108,6.216,9.324,268,269,270,0.007,0.005,0.003,625,20,21,22,23,24,25,26,27,28,29,30,31,
263.173,263,526,789,3.633,7.266,10.899,269,270,271,0.007,0.005,0.003,626,20,21,22,23,24,25,26,27,28,29,30,31,
263.573,263,526,789,3.633,7.266,10.899,269,270,271,0.007,0.005,0.003,627,20,21,22,23,24,25,26,27,28,29,30,31,
263.973,263,526,789,3.633,7.266,10.899,269,270,271,0.007,0.005,0.003,628,20,21,22,23,24,25,26,27,28,29,30,31,
264.373,264,528,792,4.16,8.32,12.48,270,271,272,0.007,0.005,0.003,629,20,21,22,23,24,25,26,27,28,29,30,31,
264.773,264,528,792,4.16,8.32,12.48,270,271,272,0.007,0.005,0.003,630,20,21,22,23,24,25,26,27,28,29,30,31,
265.173,265,530,795,4.689,9.378,14.067,271,272,273,0.007,0.005,0.003,631,20,21,22,23,24,25,26,27,28,29,30,31,
265.573,265,530,795,4.689,9.378,14.067,271,272,273,0.007,0.005,0.003,632,20,21,22,23,24,25,26,27,28,29,30,31,
265.973,265,530,795,4.689,9.378,14.067,271,272,273,0.007,0.005,0.003,633,20,21,22,23,24,25,26,27,28,29,30,31,
266.373,266,532,798,5.22,10.44,15.66,272,273,274,0.007,0.005,0.003,634,20,21,22,23,24,25,26,27,28,29,30,31,
266.773,266,532,798,5.22,10.44,15.66,272,273,274,0.007,0.005,0.003,635,20,21,22,23,24,25,26,27,28,29,30,31,
267.173,267,534,801,5.753,11.506,17.259,273,274,275,0.007,0.005,0.003,636,20,21,22,23,24,25,26,27,28,29,30,31,
267.573,267,534,801,5.753,11.506,17.259,273,274,275,0.007,0.005,0.003,637,20,21,22,23,24,25,26,27,28,29,30,31,
267.973,267,534,801,5.753,11.506,17.259,273,274,275,0.007,0.005,0.003,638,20,21,22,23,24,25,26,27,28,29,30,31,
268.373,268,536,804,6.288,12.576,18.864,274,275,276,0.007,0.005,0.003,639,20,21,22,23,24,25,26,27,28,29,30,31,
268.773,268,536,804,6.288,12.576,18.864,274,275,276,0.007,0.005,0.003,640,20,21,22,23,24,25,26,27,28,29,30,31,
269.173,269,538,807,6.825,13.65,20.475,275,276,277,0.007,0.005,0.003,641,20,21,22,23,24,25,26,27,28,29,30,31,
269.573,269,538,807,6.825,13.65,20.475,275,276,277,0.007,0.005,0.003,642,20,21,22,23,24,25,26,27,28,29,30,31,
269.973,269,538,807,6.825,13.65,20.475,275,276,277,0.007,0.005,0.003,643,20,21,22,23,24,25,26,27,28,29,30,31,
270.373,270,540,810,7.364,14.728,22.092,276,277,278,0.007,0.005,0.003,644,20,21,22,23,24,25,26,27,28,29,30,31,
270.773,270,540,810,7.364,14.728,22.092,276,277,278,0.007,0.005,0.003,645,20,21,22,23,24,25,26,27,28,29,30,31,
271.173,271,542,813,7.905,15.81,23.715,277,278,279,0.007,0.005,0.003,646,20,21,22,23,24,25,26,27,28,29,30,31,
271.573,271,542,813,7.905,15.81,23.715,277,278,279,0.007,0.005,0.003,647,20,21,22,23,24,25,26,27,28,29,30,31,
271.973,271,542,813,7.905,15.81,23.715,277,278,279,0.007,0.005,0.003,648,20,21,22,23,24,25,26,27,28,29,30,31,
272.373,272,544,816,8.448,16.896,25.344,278,279,280,0.007,0.005,0.003,649,20,21,22,23,24,25,26,27,28,29,30,31,
272.773,272,544,816,8.448,16.896,25.344,278,279,280,0.007,0.005,0.003,650,20,21,22,23,24,25,26,27,28,29,30,31,
273.173,273,546,819,8.993,17.986,26.979,279,280,281,0.007,0.005,0.003,651,20,21,22,23,24,25,26,27,28,29,30,31,
273.573,273,546,819,8.993,17.986,26.979,279,280,281,0.007,0.005,0.003,652,20,21,22,23,24,25,26,27,28,29,30,31,
273.973,273,546,819,8.993,17.986,26.979,279,280,281,0.007,0.005,0.003,653,20,21,22,23,24,25,26,27,28,29,30,31,
274.373,274,548,822,9.54,19.08,28.62,280,281,282,0.007,0.005,0.003,654,20,21,22,23,24,25,26,27,28,29,30,31,
274.773,274,548,822,9.54,19.08,28.62,280,281,282,0.007,0.005,0.003,655,20,21,22,23,24,25,26,27,28,29,30,31,
275.173,275,550,825,10.089,20.178,30.267,281,282,283,0.007,0.005,0.003,656,20,21,22,23,24,25,26,27,28,29,30,31,
275.573,275,550,825,10.089,20.178,30.267,281,282,283,0.007,0.005,0.003,657,20,21,22,23,24,25,26,27,28,29,30,31,
275.973,275,550,825,10.089,20.178,30.267,281,282,283,0.007,0.005,0.003,658,20,21,22,23,24,25,26,27,28,29,30,31,
276.373,276,552,828,10.64,21.28,31.92,282,283,284,0.007,0.005,0.003,659,20,21,22,23,24,25,26,27,28,29,30,31,
276.773,276,552,828,10.64,21.28,31.92,282,283,284,0.007,0.005,0.003,660,20,21,22,23,24,25,26,27,28,29,30,31,
277.173,277,554,831,11.193,22.386,-31.957,283,284,285,0.007,0.005,0.003,661,20,21,22,23,24,25,26,27,28,29,30,31,
277.573,277,554,831,11.193,22.386,-31.957,283,284,285,0.007,0.005,0.003,662,20,21,22,23,24,25,26,27,28,29,30,31,
277.973,277,554,831,11.193,22.386,-31.957,283,284,285,0.007,0.005,0.003,663,20,21,22,23,24,25,26,27,28,29,30,31,
278.373,278,556,834,11.748,23.496,-30.292,284,285,286,0.007,0.005,0.003,664,20,21,22,23,24,25,26,27,28,29,30,31,
278.773,278,556,834,11.748,23.496,-30.292,284,285,286,0.007,0.005,0.003,665,20,21,22,23,24,25,26,27,28,29,30,31,
279.173,279,558,837,12.305,24.61,-28.621,285,286,287,0.007,0.005,0.003,666,20,21,22,23,24,25,26,27,28,29,30,31,
279.573,279,558,837,12.305,24.61,-28.621,285,286,287,0.007,0.005,0.003,667,20,21,22,23,24,25,26,27,28,29,30,31,
279.973,279,558,837,12.305,24.61,-28.621,285,286,287,0.007,0.005,0.003,668,20,21,22,23,24,25,26,27,28,29,30,31,
280.373,280,560,840,12.864,25.728,-26.944,286,287,288,0.007,0.005,0.003,669,20,21,22,23,24,25,26,27,28,29,30,31,
280.773,280,560,840,12.864,25.728,-26.944,286,287,288,0.007,0.005,0.003,670,20,21,22,23,24,25,26,27,28,29,30,31,
281.173,281,562,843,13.425,26.85,-25.261,287,288,289,0.007,0.005,0.003,671,20,21,22,23,24,25,26,27,28,29,30,31,
281.573,281,562,843,13.425,26.85,-25.261,287,288,289,0.007,0.005,0.003,672,20,21,22,23,24,25,26,27,28,29,30,31,
281.973,281,562,843,13.425,26.85,-25.261,287,288,289,0.007,0.005,0.003,673,20,21,22,23,24,25,26,27,28,29,30,31,
282.373,282,564,846,13.988,27.976,-23.572,288,289,290,0.007,0.005,0.003,674,20,21,22,23,24,25,26,27,28,29,30,31,
282.773,282,564,846,13.988,27.976,-23.572,288,289,290,0.007,0.005,0.003,675,20,21,22,23,24,25,26,27,28,29,30,31,
283.173,283,566,849,14.553,29.106,-21.877,289,290,291,0.007,0.005,0.003,676,20,21,22,23,24,25,26,27,28,29,30,31,
283.573,283,566,849,14.553,29.106,-21.877,289,290,291,0.007,0.005,0.003,677,20,21,22,23,24,25,26,27,28,29,30,31,
283.973,283,566,849,14.553,29.106,-21.877,289,290,291,0.007,0.005,0.003,678,20,21,22,23,24,25,26,27,28,29,30,31,
284.373,284,568,852,15.12,30.24,-20.176,290,291,292,0.007,0.005,0.003,679,20,21,22,23,24,25,26,27,28,29,30,31,
284.773,284,568,852,15.12,30.24,-20.176,290,291,292,0.007,0.005,0.003,680,20,21,22,23,24,25,26,27,28,29,30,31,
285.173,285,570,855,15.689,31.378,-18.469,291,292,293,0.007,0.005,0.003,681,20,21,22,23,24,25,26,27,28,29,30,31,
285.573,285,570,855,15.689,31.378,-18.469,291,292,293,0.007,0.005,0.003,682,20,21,22,23,24,25,26,27,28,29,30,31,
285.973,285,570,855,15.689,31.378,-18.469,291,292,293,0.007,0.005,0.003,683,20,21,22,23,24,25,26,27,28,29,30,31,
286.373,286,572,858,16.26,32.52,-16.756,292,293,294,0.007,0.005,0.003,684,20,21,22,23,24,25,26,27,28,29,30,31,
286.773,286,572,858,16.26,32.52,-16.756,292,293,294,0.007,0.005,0.003,685,20,21,22,23,24,25,26,27,28,29,30,31,
287.173,287,574,861,16.833,-31.87,-15.037,293,294,295,0.007,0.005,0.003,686,20,21,22,23,24,25,26,27,28,29,30,31,
287.573,287,574,861,16.833,-31.87,-15.037,293,294,295,0.007,0.005,0.003,687,20,21,22,23,24,25,26,27,28,29,30,31,
287.973,287,574,861,16.833,-31.87,-15.037,293,294,295,0.007,0.005,0.003,688,20,21,22,23,24,25,26,27,28,29,30,31,
288.373,288,576,864,17.408,-30.72,-13.312,294,295,296,0.007,0.005,0.003,689,20,21,22,23,24,25,26,27,28,29,30,31,
288.773,288,576,864,17.408,-30.72,-13.312,294,295,296,0.007,0.005,0.003,690,20,21,22,23,24,25,26,27,28,29,30,31,
289.173,289,578,867,17.985,-29.566,-11.581,295,296,297,0.007,0.005,0.003,691,20,21,22,23,24,25,26,27,28,29,30,31,
289.573,289,578,867,17.985,-29.566,-11.581,295,296,297,0.007,0.005,0.003,692,20,21,22,23,24,25,26,27,28,29,30,31,
289.973,289,578,867,17.985,-29.566,-11.581,295,296,297,0.007,0.005,0.003,693,20,21,22,23,24,25,26,27,28,29,30,31,
290.373,290,580,870,18.564,-28.408,-9.844,296,297,298,0.007,0.005,0.003,694,20,21,22,23,24,25,26,27,28,29,30,31,
290.773,290,580,870,18.564,-28.408,-9.844,296,297,298,0.007,0.005,0.003,695,20,21,22,23,24,25,26,27,28,29,30,31,
291.173,291,582,873,19.145,-27.246,-8.101,297,298,299,0.007,0.005,0.003,696,20,21,22,23,24,25,26,27,28,29,30,31,
291.573,291,582,873,19.145,-27.246,-8.101,297,298,299,0.007,0.005,0.003,697,20,21,22,23,24,25,26,27,28,29,30,31,
291.973,291,582,873,19.145,-27.246,-8.101,297,298,299,0.007,0.005,0.003,698,20,21,22,23,24,25,26,27,28,29,30,31,
292.373,292,584,876,19.728,-26.08,-6.352,298,299,300,0.007,0.005,0.003,699,20,21,22,23,24,25,26,27,28,29,30,31,
292.773,292,584,876,19.728,-26.08,-6.352,298,299,300,0.007,0.005,0.003,700,20,21,22,23,24,25,26,27,28,29,30,31,
293.173,293,586,879,20.313,-24.91,-4.597,299,300,301,0.007,0.005,0.003,701,20,21,22,23,24,25,26,27,28,29,30,31,
293.573,293,586,879,20.313,-24.91,-4.597,299,300,301,0.007,0.005,0.003,702,20,21,22,23,24,25,26,27,28,29,30,31,
294.973,294,588,882,20.9,-23.736,-2.836,300,301,302,0.007,0.005,0.003,703,20,21,22,23,24,25,26,27,28,29,30,31,
295.373,295,590,885,21.489,-22.558,-1.069,301,302,303,0.007,0.005,0.003,704,20,21,22,23,24,25,26,27,28,29,30,31,
295.773,295,590,885,21.489,-22.558,-1.069,301,302,303,0.007,0.005,0.003,705,20,21,22,23,24,25,26,27,28,29,30,31,
296.173,296,592,888,22.08,-21.376,0.704,302,303,304,0.007,0.005,0.003,706,20,21,22,23,24,25,26,27,28,29,30,31,
296.573,296,592,888,22.08,-21.376,0.704,302,303,304,0.007,0.005,0.003,707,20,21,22,23,24,25,26,27,28,29,30,31,
296.973,296,592,888,22.08,-21.376,0.704,302,303,304,0.007,0.005,0.003,708,20,21,22,23,24,25,26,27,28,29,30,31,
297.373,297,594,891,22.673,-20.19,2.483,303,304,305,0.007,0.005,0.003,709,20,21,22,23,24,25,26,27,28,29,30,31,
297.773,297,594,891,22.673,-20.19,2.483,303,304,305,0.007,0.005,0.003,710,20,21,22,23,24,25,26,27,28,29,30,31,
298.173,298,596,894,23.268,-19,4.268,304,305,306,0.007,0.005,0.003,711,20,21,22,23,24,25,26,27,28,29,30,31,
298.573,298,596,894,23.268,-19,4.268,304,305,306,0.007,0.005,0.003,712,20,21,22,23,24,25,26,27,28,29,30,31,
299.958,299,598,897,23.865,-17.806,6.059,305,306,307,0.007,0.005,0.003,713,20,21,22,23,24,25,26,27,28,29,30,31,
